id,model,maxae,horizon,context,eta,dataset
6,Autoformer,,5,12,10,.
1,Autoformer,,5,12,10,.
5,Autoformer,,5,12,10,.
6,Autoformer,,5,24,10,.
1,Autoformer,,5,24,10,.
5,Autoformer,,5,24,10,.
7,NODE,220.0,2,12,10,.
7,ARIMA,539.0046228981437,2,12,10,.
7,XGBoost,235.15774536132812,2,12,10,.
7,NHITS,253.61831665039065,2,12,10,.
7,ETS,458.7501059291123,2,12,10,.
7,HBML (c),361.5740769488102,2,12,10,.
7,HBML (d),296.12353221104024,2,12,10,.
7,HBML (fd),539.0046228981437,2,12,10,.
7,HBML-SFH,220.0,2,12,10,.
7,HBML-SFHDF,220.0,2,12,10,.
7,NODE,220.0,2,full,10,.
7,ARIMA,333.3468662893247,2,full,10,.
7,XGBoost,235.10476684570312,2,full,10,.
7,NHITS,220.0,2,full,10,.
7,Autoformer,,2,full,10,.
3,Autoformer,,2,full,10,.
6,Autoformer,,2,full,10,.
1,Autoformer,,2,full,10,.
7,ETS,298.46691479086974,2,full,10,.
7,HBML (c),,2,full,10,.
7,HBML (d),,2,full,10,.
7,HBML (fd),,2,full,10,.
7,HBML-SFH,220.0,2,full,10,.
7,HBML-SFHDF,220.0,2,full,10,.
7,NODE,220.0,2,24,10,.
7,ARIMA,220.0,2,24,10,.
7,XGBoost,230.3299865722656,2,24,10,.
7,NHITS,220.0,2,24,10,.
7,Autoformer,,2,24,10,.
3,Autoformer,,2,24,10,.
9,Autoformer,,2,24,10,.
8,Autoformer,,2,24,10,.
2,Autoformer,,2,24,10,.
6,Autoformer,,2,24,10,.
1,Autoformer,,2,24,10,.
5,Autoformer,,2,24,10,.
7,ETS,220.0,2,24,10,.
7,HBML (c),,2,24,10,.
7,HBML (d),,2,24,10,.
7,HBML (fd),,2,24,10,.
7,HBML-SFH,220.0,2,24,10,.
7,HBML-SFHDF,220.0,2,24,10,.
7,NODE,220.0,2,6,10,.
7,ARIMA,886.8561466471624,2,6,10,.
7,XGBoost,250.57061004638672,2,6,10,.
7,NHITS,376.408935546875,2,6,10,.
7,ETS,422.39230347408306,2,6,10,.
7,HBML (c),404.9829434792611,2,6,10,.
7,HBML (d),442.0,2,6,10,.
7,HBML (fd),886.8561466471624,2,6,10,.
7,HBML-SFH,220.00000000000003,2,6,10,.
7,HBML-SFHDF,220.0,2,6,10,.
7,Autoformer,,2,6,10,.
3,Autoformer,,2,6,10,.
9,Autoformer,,2,6,10,.
8,Autoformer,,2,6,10,.
2,Autoformer,,2,6,10,.
6,Autoformer,,2,6,10,.
1,Autoformer,,2,6,10,.
5,Autoformer,,2,6,10,.
7,NODE,108.29515075683592,half,12,10,.
7,ARIMA,187.44525616376268,half,12,10,.
7,XGBoost,150.50808715820312,half,12,10,.
7,NHITS,135.3436279296875,half,12,10,.
7,Autoformer,,half,12,10,.
3,Autoformer,,half,12,10,.
9,Autoformer,,half,12,10,.
6,Autoformer,,half,12,10,.
1,Autoformer,,half,12,10,.
7,ETS,185.42127088900776,half,12,10,.
7,HBML (c),,half,12,10,.
7,HBML (d),,half,12,10,.
7,HBML (fd),,half,12,10,.
7,HBML-SFH,233.99789558348647,half,12,10,.
7,HBML-SFHDF,114.2082281656358,half,12,10,.
7,NODE,108.38723754882812,half,full,10,.
7,ARIMA,170.09717208057356,half,full,10,.
7,XGBoost,152.53860473632812,half,full,10,.
7,NHITS,135.69363403320312,half,full,10,.
7,Autoformer,,half,full,10,.
3,Autoformer,,half,full,10,.
9,Autoformer,,half,full,10,.
6,Autoformer,,half,full,10,.
1,Autoformer,,half,full,10,.
7,ETS,185.42123177010387,half,full,10,.
7,HBML (c),,half,full,10,.
7,HBML (d),,half,full,10,.
7,HBML (fd),,half,full,10,.
7,HBML-SFH,112.57866158805936,half,full,10,.
7,HBML-SFHDF,112.07286816425956,half,full,10,.
7,NODE,108.87547302246097,half,24,10,.
7,ARIMA,186.84808821427129,half,24,10,.
7,XGBoost,146.42111206054688,half,24,10,.
7,NHITS,138.2631378173828,half,24,10,.
7,Autoformer,,half,24,10,.
3,Autoformer,,half,24,10,.
9,Autoformer,,half,24,10,.
6,Autoformer,,half,24,10,.
1,Autoformer,,half,24,10,.
7,ETS,185.4212707459768,half,24,10,.
7,HBML (c),,half,24,10,.
7,HBML (d),,half,24,10,.
7,HBML (fd),,half,24,10,.
7,HBML-SFH,55885.18165419301,half,24,10,.
7,HBML-SFHDF,4617.599676758216,half,24,10,.
7,NODE,108.37286376953124,half,6,10,.
7,ARIMA,190.7061400126576,half,6,10,.
7,XGBoost,148.91664123535156,half,6,10,.
7,NHITS,137.7399139404297,half,6,10,.
7,Autoformer,,half,6,10,.
3,Autoformer,,half,6,10,.
9,Autoformer,,half,6,10,.
6,Autoformer,,half,6,10,.
1,Autoformer,,half,6,10,.
7,ETS,225.3484406112377,half,6,10,.
7,HBML (c),,half,6,10,.
7,HBML (d),,half,6,10,.
7,HBML (fd),,half,6,10,.
7,HBML-SFH,127.91721030742538,half,6,10,.
7,HBML-SFHDF,120.46299157116938,half,6,10,.
4,NODE,120.0,5,12,10,.
10,NODE,149.0,5,12,10,.
3,NODE,117.0,5,12,10,.
9,NODE,145.0,5,12,10,.
8,NODE,123.0,5,12,10,.
2,NODE,122.0,5,12,10,.
6,NODE,118.0,5,12,10,.
11,NODE,131.0,5,12,10,.
1,NODE,128.0,5,12,10,.
5,NODE,161.0,5,12,10,.
4,ARIMA,387.5175273002296,5,12,10,.
10,ARIMA,149.0,5,12,10,.
3,ARIMA,2503.6499478136557,5,12,10,.
9,ARIMA,546.1547477414138,5,12,10,.
8,ARIMA,1229.8390301687764,5,12,10,.
2,ARIMA,667.6849923200296,5,12,10,.
6,ARIMA,784.9264397417608,5,12,10,.
11,ARIMA,919.1417955881695,5,12,10,.
1,ARIMA,173.51805182940535,5,12,10,.
5,ARIMA,1386.367043755338,5,12,10,.
4,XGBoost,120.0,5,12,10,.
10,XGBoost,149.0,5,12,10,.
3,XGBoost,175.9822540283203,5,12,10,.
9,XGBoost,145.0,5,12,10,.
8,XGBoost,133.66139221191406,5,12,10,.
2,XGBoost,122.0,5,12,10,.
6,XGBoost,118.0,5,12,10,.
11,XGBoost,131.0,5,12,10,.
1,XGBoost,128.0,5,12,10,.
5,XGBoost,161.0,5,12,10,.
4,NHITS,120.0,5,12,10,.
10,NHITS,149.0,5,12,10,.
3,NHITS,165.77371215820312,5,12,10,.
9,NHITS,200.91622924804688,5,12,10,.
8,NHITS,137.699312210083,5,12,10,.
2,NHITS,122.0,5,12,10,.
6,NHITS,118.0,5,12,10,.
11,NHITS,131.0,5,12,10,.
1,NHITS,128.0,5,12,10,.
5,NHITS,392.95599365234375,5,12,10,.
4,ETS,287.3719889734849,5,12,10,.
10,ETS,557.4800992941721,5,12,10,.
3,ETS,994.7922160750596,5,12,10,.
9,ETS,626.404255486948,5,12,10,.
8,ETS,719.9463075091397,5,12,10,.
2,ETS,652.1510503410012,5,12,10,.
6,ETS,577.5636488179106,5,12,10,.
11,ETS,722.9827799785082,5,12,10,.
1,ETS,128.0,5,12,10,.
5,ETS,820.2788196339116,5,12,10,.
4,HBML (c),387.5175273002296,5,12,10,.
10,HBML (c),154.1903540946356,5,12,10,.
3,HBML (c),1106.5741558905252,5,12,10,.
9,HBML (c),626.404255486948,5,12,10,.
8,HBML (c),1069.546295175472,5,12,10,.
2,HBML (c),667.6849923200296,5,12,10,.
6,HBML (c),612.213305561053,5,12,10,.
11,HBML (c),402.79784337688034,5,12,10,.
1,HBML (c),128.0,5,12,10,.
5,HBML (c),1386.367043755338,5,12,10,.
4,HBML (d),305.0,5,12,10,.
10,HBML (d),464.06170188190345,5,12,10,.
3,HBML (d),2503.6499478136557,5,12,10,.
9,HBML (d),445.1244671576733,5,12,10,.
8,HBML (d),734.2718007924684,5,12,10,.
2,HBML (d),552.512132802153,5,12,10,.
6,HBML (d),577.5636488179106,5,12,10,.
11,HBML (d),741.822485087428,5,12,10,.
1,HBML (d),128.0,5,12,10,.
5,HBML (d),781.6510881138572,5,12,10,.
4,HBML (fd),187.56098653421788,5,12,10,.
10,HBML (fd),506.5738354448752,5,12,10,.
3,HBML (fd),1106.5741558905252,5,12,10,.
9,HBML (fd),610.4943296074099,5,12,10,.
8,HBML (fd),1069.546295175472,5,12,10,.
2,HBML (fd),652.1510503410012,5,12,10,.
6,HBML (fd),550.4397248740595,5,12,10,.
11,HBML (fd),242.0,5,12,10,.
1,HBML (fd),128.0,5,12,10,.
5,HBML (fd),1115.8537920641588,5,12,10,.
4,HBML-SFH,235.7599020247953,5,12,10,.
10,HBML-SFH,177.205456279292,5,12,10,.
3,HBML-SFH,477.78872080127667,5,12,10,.
9,HBML-SFH,397.28762880929605,5,12,10,.
8,HBML-SFH,574.8899250171685,5,12,10,.
2,HBML-SFH,304.11818054978914,5,12,10,.
6,HBML-SFH,335.9923954781668,5,12,10,.
11,HBML-SFH,342.7218208722816,5,12,10,.
1,HBML-SFH,128.0,5,12,10,.
5,HBML-SFH,714.838976605239,5,12,10,.
4,HBML-SFHDF,287.3719889734849,5,12,10,.
10,HBML-SFHDF,149.0,5,12,10,.
3,HBML-SFHDF,315.45039991929525,5,12,10,.
9,HBML-SFHDF,408.99142889452855,5,12,10,.
8,HBML-SFHDF,595.8589972905511,5,12,10,.
2,HBML-SFHDF,358.94882039314774,5,12,10,.
6,HBML-SFHDF,402.22622789831064,5,12,10,.
11,HBML-SFHDF,358.0364488073014,5,12,10,.
1,HBML-SFHDF,128.0,5,12,10,.
5,HBML-SFHDF,792.824862703682,5,12,10,.
4,NODE,120.0,5,full,10,.
10,NODE,149.0,5,full,10,.
3,NODE,117.0,5,full,10,.
9,NODE,145.0,5,full,10,.
8,NODE,123.0,5,full,10,.
2,NODE,122.0,5,full,10,.
6,NODE,118.0,5,full,10,.
11,NODE,131.0,5,full,10,.
1,NODE,128.0,5,full,10,.
5,NODE,161.0,5,full,10,.
4,ARIMA,362.0,5,full,10,.
10,ARIMA,663.9158978335581,5,full,10,.
3,ARIMA,1247.678039245557,5,full,10,.
9,ARIMA,850.9266538489605,5,full,10,.
8,ARIMA,317.8473165216374,5,full,10,.
2,ARIMA,393.2885946565102,5,full,10,.
6,ARIMA,844.433675354018,5,full,10,.
11,ARIMA,131.0,5,full,10,.
1,ARIMA,128.0,5,full,10,.
5,ARIMA,1143.699181785889,5,full,10,.
4,XGBoost,120.0,5,full,10,.
10,XGBoost,149.0,5,full,10,.
3,XGBoost,175.9954071044922,5,full,10,.
9,XGBoost,157.8955993652344,5,full,10,.
8,XGBoost,197.66283416748047,5,full,10,.
2,XGBoost,122.0,5,full,10,.
6,XGBoost,118.0,5,full,10,.
11,XGBoost,131.0,5,full,10,.
1,XGBoost,128.0,5,full,10,.
5,XGBoost,161.0,5,full,10,.
4,NHITS,120.0,5,full,10,.
10,NHITS,149.0,5,full,10,.
3,NHITS,131.49716186523438,5,full,10,.
9,NHITS,145.0,5,full,10,.
8,NHITS,172.37564849853516,5,full,10,.
2,NHITS,122.0,5,full,10,.
6,NHITS,221.070068359375,5,full,10,.
11,NHITS,131.0,5,full,10,.
1,NHITS,128.0,5,full,10,.
5,NHITS,161.0,5,full,10,.
4,Autoformer,,5,full,10,.
10,Autoformer,,5,full,10,.
3,Autoformer,,5,full,10,.
9,Autoformer,,5,full,10,.
8,Autoformer,,5,full,10,.
2,Autoformer,,5,full,10,.
6,Autoformer,,5,full,10,.
11,Autoformer,,5,full,10,.
1,Autoformer,,5,full,10,.
5,Autoformer,,5,full,10,.
4,ETS,149.05525015950036,5,full,10,.
10,ETS,377.9034753196691,5,full,10,.
3,ETS,1121.791839042706,5,full,10,.
9,ETS,555.5887110090382,5,full,10,.
8,ETS,671.993022356632,5,full,10,.
2,ETS,519.3895268612824,5,full,10,.
6,ETS,640.5649123847568,5,full,10,.
11,ETS,775.0960548788004,5,full,10,.
1,ETS,128.0,5,full,10,.
5,ETS,895.299279346779,5,full,10,.
4,HBML (c),,5,full,10,.
10,HBML (c),,5,full,10,.
3,HBML (c),,5,full,10,.
9,HBML (c),,5,full,10,.
8,HBML (c),,5,full,10,.
2,HBML (c),,5,full,10,.
6,HBML (c),,5,full,10,.
11,HBML (c),,5,full,10,.
1,HBML (c),,5,full,10,.
5,HBML (c),,5,full,10,.
4,HBML (d),,5,full,10,.
10,HBML (d),,5,full,10,.
3,HBML (d),,5,full,10,.
9,HBML (d),,5,full,10,.
8,HBML (d),,5,full,10,.
2,HBML (d),,5,full,10,.
6,HBML (d),,5,full,10,.
11,HBML (d),,5,full,10,.
1,HBML (d),,5,full,10,.
5,HBML (d),,5,full,10,.
4,HBML (fd),,5,full,10,.
10,HBML (fd),,5,full,10,.
3,HBML (fd),,5,full,10,.
9,HBML (fd),,5,full,10,.
8,HBML (fd),,5,full,10,.
2,HBML (fd),,5,full,10,.
6,HBML (fd),,5,full,10,.
11,HBML (fd),,5,full,10,.
1,HBML (fd),,5,full,10,.
5,HBML (fd),,5,full,10,.
4,HBML-SFH,120.0,5,full,10,.
10,HBML-SFH,198.1540209512161,5,full,10,.
3,HBML-SFH,527.4361613320814,5,full,10,.
9,HBML-SFH,396.6311097693322,5,full,10,.
8,HBML-SFH,351.9818011198501,5,full,10,.
2,HBML-SFH,247.40239814872797,5,full,10,.
6,HBML-SFH,495.06039710216646,5,full,10,.
11,HBML-SFH,463.3448740602049,5,full,10,.
1,HBML-SFH,128.0,5,full,10,.
5,HBML-SFH,493.5301277237819,5,full,10,.
4,HBML-SFHDF,120.0,5,full,10,.
10,HBML-SFHDF,208.73455389924987,5,full,10,.
3,HBML-SFHDF,151.9249065159367,5,full,10,.
9,HBML-SFHDF,452.6953325757128,5,full,10,.
8,HBML-SFHDF,389.9238731819364,5,full,10,.
2,HBML-SFHDF,388.01621125146426,5,full,10,.
6,HBML-SFHDF,577.5536031426948,5,full,10,.
11,HBML-SFHDF,497.1717340900705,5,full,10,.
1,HBML-SFHDF,128.0,5,full,10,.
5,HBML-SFHDF,503.1592648164404,5,full,10,.
4,NODE,120.0,5,24,10,.
10,NODE,149.0,5,24,10,.
3,NODE,124.54544067382812,5,24,10,.
9,NODE,145.0,5,24,10,.
8,NODE,123.0,5,24,10,.
2,NODE,122.0,5,24,10,.
6,NODE,118.0,5,24,10,.
11,NODE,131.0,5,24,10,.
1,NODE,128.0,5,24,10,.
5,NODE,161.0,5,24,10,.
4,ARIMA,120.0,5,24,10,.
10,ARIMA,149.0,5,24,10,.
3,ARIMA,511.84940777809106,5,24,10,.
9,ARIMA,411.0,5,24,10,.
8,ARIMA,123.0,5,24,10,.
2,ARIMA,193.17804534417303,5,24,10,.
6,ARIMA,196.5568490224486,5,24,10,.
11,ARIMA,131.0,5,24,10,.
1,ARIMA,128.0,5,24,10,.
5,ARIMA,1031.4957524679262,5,24,10,.
4,XGBoost,120.0,5,24,10,.
10,XGBoost,149.0,5,24,10,.
3,XGBoost,153.3199920654297,5,24,10,.
9,XGBoost,145.0,5,24,10,.
8,XGBoost,151.79428100585938,5,24,10,.
2,XGBoost,122.0,5,24,10,.
6,XGBoost,126.02536010742188,5,24,10,.
11,XGBoost,131.0,5,24,10,.
1,XGBoost,128.0,5,24,10,.
5,XGBoost,163.95127868652344,5,24,10,.
4,NHITS,120.0,5,24,10,.
10,NHITS,149.0,5,24,10,.
3,NHITS,181.13775634765625,5,24,10,.
9,NHITS,170.0540771484375,5,24,10,.
8,NHITS,136.16217803955078,5,24,10,.
2,NHITS,122.0,5,24,10,.
6,NHITS,118.0,5,24,10,.
11,NHITS,131.0,5,24,10,.
1,NHITS,128.0,5,24,10,.
5,NHITS,209.68533325195312,5,24,10,.
4,ETS,186.8304709788643,5,24,10,.
10,ETS,149.0,5,24,10,.
3,ETS,566.338667942415,5,24,10,.
9,ETS,318.34273806535873,5,24,10,.
8,ETS,485.5959522929884,5,24,10,.
2,ETS,234.5469133181364,5,24,10,.
6,ETS,297.4737428445876,5,24,10,.
11,ETS,594.6578636505111,5,24,10,.
1,ETS,128.0,5,24,10,.
5,ETS,675.106859540904,5,24,10,.
4,HBML (c),120.0,5,24,10,.
10,HBML (c),149.0,5,24,10,.
3,HBML (c),511.84940777809106,5,24,10,.
9,HBML (c),318.34273806535873,5,24,10,.
8,HBML (c),485.5959522929884,5,24,10,.
2,HBML (c),193.17804534417303,5,24,10,.
6,HBML (c),196.5568490224486,5,24,10,.
11,HBML (c),594.6578636505111,5,24,10,.
1,HBML (c),128.0,5,24,10,.
5,HBML (c),675.106859540904,5,24,10,.
4,HBML (d),120.0,5,24,10,.
10,HBML (d),149.0,5,24,10,.
3,HBML (d),351.54227614429345,5,24,10,.
9,HBML (d),347.0,5,24,10,.
8,HBML (d),397.04145088966743,5,24,10,.
2,HBML (d),182.58946880468451,5,24,10,.
6,HBML (d),297.4737428445876,5,24,10,.
11,HBML (d),594.6578636505111,5,24,10,.
1,HBML (d),128.0,5,24,10,.
5,HBML (d),784.3581726488053,5,24,10,.
4,HBML (fd),120.0,5,24,10,.
10,HBML (fd),149.0,5,24,10,.
3,HBML (fd),566.338667942415,5,24,10,.
9,HBML (fd),318.34273806535873,5,24,10,.
8,HBML (fd),306.4198571278131,5,24,10,.
2,HBML (fd),122.0,5,24,10,.
6,HBML (fd),157.63700848860017,5,24,10,.
11,HBML (fd),594.6578636505111,5,24,10,.
1,HBML (fd),128.0,5,24,10,.
5,HBML (fd),675.106859540904,5,24,10,.
4,HBML-SFH,186.823926588167,5,24,10,.
10,HBML-SFH,149.0,5,24,10,.
3,HBML-SFH,283.3760865399727,5,24,10,.
9,HBML-SFH,317.8355779425106,5,24,10,.
8,HBML-SFH,370.69347917731653,5,24,10,.
2,HBML-SFH,234.54614076533295,5,24,10,.
6,HBML-SFH,204.78107807739167,5,24,10,.
11,HBML-SFH,230.58893467014636,5,24,10,.
1,HBML-SFH,128.0,5,24,10,.
5,HBML-SFH,927.0871163803432,5,24,10,.
4,HBML-SFHDF,186.83047097839935,5,24,10,.
10,HBML-SFHDF,149.0,5,24,10,.
3,HBML-SFHDF,409.8653494370388,5,24,10,.
9,HBML-SFHDF,318.34273806535873,5,24,10,.
8,HBML-SFHDF,397.0414386928181,5,24,10,.
2,HBML-SFHDF,234.54691331813615,5,24,10,.
6,HBML-SFHDF,201.4326668350559,5,24,10,.
11,HBML-SFHDF,228.5017998235972,5,24,10,.
1,HBML-SFHDF,128.0,5,24,10,.
5,HBML-SFHDF,1031.4957504397576,5,24,10,.
4,NODE,120.0,5,6,10,.
10,NODE,149.0,5,6,10,.
3,NODE,117.0,5,6,10,.
9,NODE,145.0,5,6,10,.
8,NODE,123.0,5,6,10,.
2,NODE,122.0,5,6,10,.
6,NODE,118.0,5,6,10,.
11,NODE,131.0,5,6,10,.
1,NODE,128.0,5,6,10,.
5,NODE,161.0,5,6,10,.
4,ARIMA,863.6045184550268,5,6,10,.
10,ARIMA,827.4260235769398,5,6,10,.
3,ARIMA,2984.742830302899,5,6,10,.
9,ARIMA,1450.5237643308249,5,6,10,.
8,ARIMA,1395.9553078421695,5,6,10,.
2,ARIMA,1574.9831323494757,5,6,10,.
6,ARIMA,1055.0268400424857,5,6,10,.
11,ARIMA,1115.0,5,6,10,.
1,ARIMA,220.5704416452499,5,6,10,.
5,ARIMA,1684.770615499741,5,6,10,.
4,XGBoost,120.0,5,6,10,.
10,XGBoost,149.0,5,6,10,.
3,XGBoost,156.3954620361328,5,6,10,.
9,XGBoost,145.0,5,6,10,.
8,XGBoost,124.97927856445312,5,6,10,.
2,XGBoost,122.0,5,6,10,.
6,XGBoost,118.0,5,6,10,.
11,XGBoost,131.0,5,6,10,.
1,XGBoost,128.0,5,6,10,.
5,XGBoost,161.0,5,6,10,.
4,NHITS,120.0,5,6,10,.
10,NHITS,149.0,5,6,10,.
3,NHITS,132.8837127685547,5,6,10,.
9,NHITS,145.0,5,6,10,.
8,NHITS,152.47186279296875,5,6,10,.
2,NHITS,122.0,5,6,10,.
6,NHITS,123.78680419921876,5,6,10,.
11,NHITS,131.0,5,6,10,.
1,NHITS,128.0,5,6,10,.
5,NHITS,388.66400146484375,5,6,10,.
4,ETS,563.2665195437799,5,6,10,.
10,ETS,572.1997496996461,5,6,10,.
3,ETS,994.7915483373026,5,6,10,.
9,ETS,626.4041458915583,5,6,10,.
8,ETS,806.8078991549644,5,6,10,.
2,ETS,791.7448998962972,5,6,10,.
6,ETS,682.1177365044507,5,6,10,.
11,ETS,790.214059115934,5,6,10,.
1,ETS,337.69557889498117,5,6,10,.
5,ETS,820.2974238101417,5,6,10,.
4,HBML (c),705.0,5,6,10,.
10,HBML (c),635.2463562952967,5,6,10,.
3,HBML (c),1877.362857079678,5,6,10,.
9,HBML (c),729.0280995635447,5,6,10,.
8,HBML (c),1176.494485822817,5,6,10,.
2,HBML (c),992.6209757419606,5,6,10,.
6,HBML (c),754.2785512749444,5,6,10,.
11,HBML (c),1067.7141203642302,5,6,10,.
1,HBML (c),220.5704416452499,5,6,10,.
5,HBML (c),1684.770615499741,5,6,10,.
4,HBML (d),472.0,5,6,10,.
10,HBML (d),780.2116953038384,5,6,10,.
3,HBML (d),1013.6625737394822,5,6,10,.
9,HBML (d),626.4041458915583,5,6,10,.
8,HBML (d),1395.9553078421695,5,6,10,.
2,HBML (d),1574.9831323494757,5,6,10,.
6,HBML (d),682.1177365044507,5,6,10,.
11,HBML (d),1008.0,5,6,10,.
1,HBML (d),241.82728618451475,5,6,10,.
5,HBML (d),1020.5625094069768,5,6,10,.
4,HBML (fd),863.6045184550268,5,6,10,.
10,HBML (fd),519.0,5,6,10,.
3,HBML (fd),1055.6420432741115,5,6,10,.
9,HBML (fd),699.3583187025956,5,6,10,.
8,HBML (fd),1136.0,5,6,10,.
2,HBML (fd),855.0,5,6,10,.
6,HBML (fd),1055.0268400424857,5,6,10,.
11,HBML (fd),888.0,5,6,10,.
1,HBML (fd),241.82728618451475,5,6,10,.
5,HBML (fd),1025.3399756599076,5,6,10,.
4,HBML-SFH,264.68578259378444,5,6,10,.
10,HBML-SFH,269.02613620339855,5,6,10,.
3,HBML-SFH,342.3621189924165,5,6,10,.
9,HBML-SFH,205.18943195700777,5,6,10,.
8,HBML-SFH,524.7380163128112,5,6,10,.
2,HBML-SFH,290.4895161197064,5,6,10,.
6,HBML-SFH,143.42054797752454,5,6,10,.
11,HBML-SFH,402.3963269384189,5,6,10,.
1,HBML-SFH,285.8548296407255,5,6,10,.
5,HBML-SFH,649.4365017603477,5,6,10,.
4,HBML-SFHDF,120.0,5,6,10,.
10,HBML-SFHDF,249.7911893742896,5,6,10,.
3,HBML-SFHDF,227.7700835438217,5,6,10,.
9,HBML-SFHDF,257.8469952919697,5,6,10,.
8,HBML-SFHDF,618.0016287355594,5,6,10,.
2,HBML-SFHDF,270.9589505772447,5,6,10,.
6,HBML-SFHDF,142.99784758609596,5,6,10,.
11,HBML-SFHDF,443.3169643301371,5,6,10,.
1,HBML-SFHDF,311.6814132179768,5,6,10,.
5,HBML-SFHDF,692.3759109077723,5,6,10,.
4,NODE,0.0,2,12,10,.
10,NODE,148.0,2,12,10,.
3,NODE,108.0,2,12,10,.
9,NODE,138.0,2,12,10,.
8,NODE,116.0,2,12,10,.
2,NODE,122.0,2,12,10,.
6,NODE,0.0,2,12,10,.
11,NODE,131.0,2,12,10,.
1,NODE,121.0,2,12,10,.
5,NODE,161.0,2,12,10,.
4,ARIMA,0.0,2,12,10,.
10,ARIMA,148.0,2,12,10,.
3,ARIMA,906.3828177958528,2,12,10,.
9,ARIMA,212.0643856180397,2,12,10,.
8,ARIMA,479.3334778331142,2,12,10,.
2,ARIMA,270.1789336789464,2,12,10,.
6,ARIMA,0.0,2,12,10,.
11,ARIMA,347.2567182352682,2,12,10,.
1,ARIMA,121.0,2,12,10,.
5,ARIMA,544.1622499069726,2,12,10,.
4,XGBoost,0.0,2,12,10,.
10,XGBoost,148.0,2,12,10,.
3,XGBoost,169.43511199951172,2,12,10,.
9,XGBoost,155.75494384765625,2,12,10,.
8,XGBoost,198.0250701904297,2,12,10,.
2,XGBoost,154.77822875976562,2,12,10,.
6,XGBoost,0.0,2,12,10,.
11,XGBoost,131.0,2,12,10,.
1,XGBoost,121.0,2,12,10,.
5,XGBoost,181.91213989257812,2,12,10,.
4,NHITS,0.0,2,12,10,.
10,NHITS,148.0,2,12,10,.
3,NHITS,150.36032104492188,2,12,10,.
9,NHITS,169.059326171875,2,12,10,.
8,NHITS,174.55420875549316,2,12,10,.
2,NHITS,122.0,2,12,10,.
6,NHITS,0.0,2,12,10,.
11,NHITS,131.0,2,12,10,.
1,NHITS,121.0,2,12,10,.
5,NHITS,166.79126739501953,2,12,10,.
4,Autoformer,0.0,2,12,10,.
10,Autoformer,,2,12,10,.
3,Autoformer,,2,12,10,.
9,Autoformer,,2,12,10,.
8,Autoformer,,2,12,10,.
2,Autoformer,,2,12,10,.
6,Autoformer,0.0,2,12,10,.
11,Autoformer,,2,12,10,.
1,Autoformer,,2,12,10,.
5,Autoformer,,2,12,10,.
4,ETS,0.0,2,12,10,.
10,ETS,218.79184524513548,2,12,10,.
3,ETS,397.31693143878306,2,12,10,.
9,ETS,240.9616797000039,2,12,10,.
8,ETS,285.57800281733046,2,12,10,.
2,ETS,266.8611478917392,2,12,10,.
6,ETS,0.0,2,12,10,.
11,ETS,273.592547839496,2,12,10,.
1,ETS,121.0,2,12,10,.
5,ETS,317.31092552434677,2,12,10,.
4,HBML (c),0.0,2,12,10,.
10,HBML (c),218.79184524513548,2,12,10,.
3,HBML (c),345.31837587678206,2,12,10,.
9,HBML (c),240.9616797000039,2,12,10,.
8,HBML (c),269.3193188793495,2,12,10,.
2,HBML (c),254.0468318993664,2,12,10,.
6,HBML (c),0.0,2,12,10,.
11,HBML (c),131.0,2,12,10,.
1,HBML (c),121.0,2,12,10,.
5,HBML (c),317.78807495989804,2,12,10,.
4,HBML (d),0.0,2,12,10,.
10,HBML (d),148.0,2,12,10,.
3,HBML (d),532.0,2,12,10,.
9,HBML (d),186.2847545946304,2,12,10,.
8,HBML (d),479.3334778331142,2,12,10,.
2,HBML (d),247.0314156637262,2,12,10,.
6,HBML (d),0.0,2,12,10,.
11,HBML (d),170.80121187237046,2,12,10,.
1,HBML (d),121.0,2,12,10,.
5,HBML (d),544.1622499069726,2,12,10,.
4,HBML (fd),0.0,2,12,10,.
10,HBML (fd),176.0242307283072,2,12,10,.
3,HBML (fd),405.0,2,12,10,.
9,HBML (fd),237.20184105573844,2,12,10,.
8,HBML (fd),479.3334778331142,2,12,10,.
2,HBML (fd),234.78160795435508,2,12,10,.
6,HBML (fd),0.0,2,12,10,.
11,HBML (fd),273.592547839496,2,12,10,.
1,HBML (fd),121.0,2,12,10,.
5,HBML (fd),396.9937876881252,2,12,10,.
4,HBML-SFH,0.0,2,12,10,.
10,HBML-SFH,148.0,2,12,10,.
3,HBML-SFH,271.58450233748994,2,12,10,.
9,HBML-SFH,147.7214148805535,2,12,10,.
8,HBML-SFH,192.36775057693407,2,12,10,.
2,HBML-SFH,173.1718466329042,2,12,10,.
6,HBML-SFH,0.0,2,12,10,.
11,HBML-SFH,229.70801155609897,2,12,10,.
1,HBML-SFH,121.0,2,12,10,.
5,HBML-SFH,264.42924634009916,2,12,10,.
4,HBML-SFHDF,0.0,2,12,10,.
10,HBML-SFHDF,148.0,2,12,10,.
3,HBML-SFHDF,182.72453821682257,2,12,10,.
9,HBML-SFHDF,165.34388739860805,2,12,10,.
8,HBML-SFHDF,262.8025559564709,2,12,10,.
2,HBML-SFHDF,202.59275107376644,2,12,10,.
6,HBML-SFHDF,0.0,2,12,10,.
11,HBML-SFHDF,273.592547839496,2,12,10,.
1,HBML-SFHDF,121.0,2,12,10,.
5,HBML-SFHDF,305.68918708876566,2,12,10,.
4,NODE,120.0,2,full,10,.
10,NODE,148.0,2,full,10,.
3,NODE,108.0,2,full,10,.
9,NODE,138.0,2,full,10,.
8,NODE,116.0,2,full,10,.
2,NODE,122.0,2,full,10,.
6,NODE,118.0,2,full,10,.
11,NODE,131.0,2,full,10,.
1,NODE,121.0,2,full,10,.
5,NODE,161.0,2,full,10,.
4,ARIMA,147.98651833778854,2,full,10,.
10,ARIMA,292.6255211927649,2,full,10,.
3,ARIMA,567.5109749790757,2,full,10,.
9,ARIMA,324.1706615395842,2,full,10,.
8,ARIMA,159.99443332435123,2,full,10,.
2,ARIMA,164.92892270285404,2,full,10,.
6,ARIMA,364.8045319617788,2,full,10,.
11,ARIMA,131.0,2,full,10,.
1,ARIMA,121.0,2,full,10,.
5,ARIMA,492.279672714356,2,full,10,.
4,XGBoost,120.0,2,full,10,.
10,XGBoost,148.0,2,full,10,.
3,XGBoost,169.99817657470703,2,full,10,.
9,XGBoost,155.7325592041016,2,full,10,.
8,XGBoost,197.99529266357425,2,full,10,.
2,XGBoost,154.83740234375,2,full,10,.
6,XGBoost,118.0,2,full,10,.
11,XGBoost,131.0,2,full,10,.
1,XGBoost,121.0,2,full,10,.
5,XGBoost,182.36624145507812,2,full,10,.
4,NHITS,120.0,2,full,10,.
10,NHITS,148.0,2,full,10,.
3,NHITS,108.0,2,full,10,.
9,NHITS,138.0,2,full,10,.
8,NHITS,178.3119125366211,2,full,10,.
2,NHITS,122.0,2,full,10,.
6,NHITS,118.0,2,full,10,.
11,NHITS,131.0,2,full,10,.
1,NHITS,121.0,2,full,10,.
5,NHITS,197.87649536132812,2,full,10,.
4,ETS,120.0,2,full,10,.
10,ETS,238.3358263456442,2,full,10,.
3,ETS,524.3167803014844,2,full,10,.
9,ETS,207.23508508548628,2,full,10,.
8,ETS,263.9964609749298,2,full,10,.
2,ETS,214.95591996877147,2,full,10,.
6,ETS,283.22563676598384,2,full,10,.
11,ETS,353.2384757776641,2,full,10,.
1,ETS,121.0,2,full,10,.
5,ETS,392.9192582119959,2,full,10,.
4,HBML (c),147.98651833778854,2,full,10,.
10,HBML (c),291.6255211927649,2,full,10,.
3,HBML (c),506.3167803014844,2,full,10,.
9,HBML (c),318.1706615395842,2,full,10,.
8,HBML (c),262.9964609749298,2,full,10,.
2,HBML (c),206.95591996877147,2,full,10,.
6,HBML (c),283.22563676598384,2,full,10,.
11,HBML (c),200.6842375468912,2,full,10,.
1,HBML (c),121.0,2,full,10,.
5,HBML (c),396.2883975141213,2,full,10,.
4,HBML (d),146.0,2,full,10,.
10,HBML (d),242.6255211927649,2,full,10,.
3,HBML (d),561.5109749790757,2,full,10,.
9,HBML (d),318.1706615395842,2,full,10,.
8,HBML (d),261.9964609749298,2,full,10,.
2,HBML (d),212.95591996877147,2,full,10,.
6,HBML (d),118.0,2,full,10,.
11,HBML (d),191.6842375468912,2,full,10,.
1,HBML (d),121.0,2,full,10,.
5,HBML (d),472.279672714356,2,full,10,.
4,HBML (fd),146.0,2,full,10,.
10,HBML (fd),270.6255211927649,2,full,10,.
3,HBML (fd),561.5109749790757,2,full,10,.
9,HBML (fd),318.1706615395842,2,full,10,.
8,HBML (fd),192.17703247070312,2,full,10,.
2,HBML (fd),143.83740234375,2,full,10,.
6,HBML (fd),293.8045319617788,2,full,10,.
11,HBML (fd),198.6842375468912,2,full,10,.
1,HBML (fd),121.0,2,full,10,.
5,HBML (fd),456.279672714356,2,full,10,.
4,HBML-SFH,120.0,2,full,10,.
10,HBML-SFH,148.0,2,full,10,.
3,HBML-SFH,108.0,2,full,10,.
9,HBML-SFH,138.0,2,full,10,.
8,HBML-SFH,116.0,2,full,10,.
2,HBML-SFH,122.0,2,full,10,.
6,HBML-SFH,217.51858443028,2,full,10,.
11,HBML-SFH,131.0,2,full,10,.
1,HBML-SFH,121.0,2,full,10,.
5,HBML-SFH,160.99999999999997,2,full,10,.
4,HBML-SFHDF,120.0,2,full,10,.
10,HBML-SFHDF,148.0,2,full,10,.
3,HBML-SFHDF,108.0,2,full,10,.
9,HBML-SFHDF,138.0,2,full,10,.
8,HBML-SFHDF,116.0,2,full,10,.
2,HBML-SFHDF,122.0,2,full,10,.
6,HBML-SFHDF,220.22432046974785,2,full,10,.
11,HBML-SFHDF,131.0,2,full,10,.
1,HBML-SFHDF,121.0,2,full,10,.
5,HBML-SFHDF,161.0,2,full,10,.
4,NODE,120.0,2,24,10,.
10,NODE,148.0,2,24,10,.
3,NODE,108.0,2,24,10,.
9,NODE,138.0,2,24,10,.
8,NODE,116.0,2,24,10,.
2,NODE,122.0,2,24,10,.
6,NODE,118.0,2,24,10,.
11,NODE,131.0,2,24,10,.
1,NODE,121.0,2,24,10,.
5,NODE,161.0,2,24,10,.
4,ARIMA,120.0,2,24,10,.
10,ARIMA,148.0,2,24,10,.
3,ARIMA,203.53976311123645,2,24,10,.
9,ARIMA,159.0,2,24,10,.
8,ARIMA,116.0,2,24,10,.
2,ARIMA,122.0,2,24,10,.
6,ARIMA,118.0,2,24,10,.
11,ARIMA,131.0,2,24,10,.
1,ARIMA,121.0,2,24,10,.
5,ARIMA,394.3794761866643,2,24,10,.
4,XGBoost,120.0,2,24,10,.
10,XGBoost,148.0,2,24,10,.
3,XGBoost,170.81488037109375,2,24,10,.
9,XGBoost,138.0,2,24,10,.
8,XGBoost,197.82530212402344,2,24,10,.
2,XGBoost,154.6484375,2,24,10,.
6,XGBoost,124.99176788330078,2,24,10,.
11,XGBoost,131.0,2,24,10,.
1,XGBoost,121.0,2,24,10,.
5,XGBoost,189.73793029785156,2,24,10,.
4,NHITS,120.0,2,24,10,.
10,NHITS,148.0,2,24,10,.
3,NHITS,181.31509399414065,2,24,10,.
9,NHITS,138.0,2,24,10,.
8,NHITS,141.9438362121582,2,24,10,.
2,NHITS,122.0,2,24,10,.
6,NHITS,118.0,2,24,10,.
11,NHITS,189.5863342285156,2,24,10,.
1,NHITS,121.0,2,24,10,.
5,NHITS,161.0,2,24,10,.
4,ETS,120.0,2,24,10,.
10,ETS,148.0,2,24,10,.
3,ETS,212.1347049537459,2,24,10,.
9,ETS,138.1377707585536,2,24,10,.
8,ETS,199.63898351499657,2,24,10,.
2,ETS,122.0,2,24,10,.
6,ETS,126.58852230393228,2,24,10,.
11,ETS,230.6627786637759,2,24,10,.
1,ETS,121.0,2,24,10,.
5,ETS,260.22259569728635,2,24,10,.
4,HBML (c),120.0,2,24,10,.
10,HBML (c),148.0,2,24,10,.
3,HBML (c),184.4883406284315,2,24,10,.
9,HBML (c),138.0,2,24,10,.
8,HBML (c),199.63898351499657,2,24,10,.
2,HBML (c),154.6484375,2,24,10,.
6,HBML (c),119.58956781067371,2,24,10,.
11,HBML (c),175.18291110062808,2,24,10,.
1,HBML (c),121.0,2,24,10,.
5,HBML (c),296.6190721812434,2,24,10,.
4,HBML (d),120.0,2,24,10,.
10,HBML (d),148.0,2,24,10,.
3,HBML (d),166.90840911865234,2,24,10,.
9,HBML (d),138.0,2,24,10,.
8,HBML (d),191.08551025390625,2,24,10,.
2,HBML (d),134.89602661132812,2,24,10,.
6,HBML (d),119.58956781067371,2,24,10,.
11,HBML (d),131.0,2,24,10,.
1,HBML (d),121.0,2,24,10,.
5,HBML (d),253.24167258569764,2,24,10,.
4,HBML (fd),120.0,2,24,10,.
10,HBML (fd),148.0,2,24,10,.
3,HBML (fd),160.3988037109375,2,24,10,.
9,HBML (fd),159.0,2,24,10,.
8,HBML (fd),196.0403594970703,2,24,10,.
2,HBML (fd),154.6484375,2,24,10,.
6,HBML (fd),118.0,2,24,10,.
11,HBML (fd),189.5863342285156,2,24,10,.
1,HBML (fd),121.0,2,24,10,.
5,HBML (fd),253.24167258569764,2,24,10,.
4,HBML-SFH,120.0,2,24,10,.
10,HBML-SFH,148.0,2,24,10,.
3,HBML-SFH,134.59278705538688,2,24,10,.
9,HBML-SFH,138.0,2,24,10,.
8,HBML-SFH,199.59641238720775,2,24,10,.
2,HBML-SFH,122.0,2,24,10,.
6,HBML-SFH,118.0,2,24,10,.
11,HBML-SFH,183.11740477377015,2,24,10,.
1,HBML-SFH,121.0,2,24,10,.
5,HBML-SFH,392.2198205091488,2,24,10,.
4,HBML-SFHDF,120.0,2,24,10,.
10,HBML-SFHDF,148.0,2,24,10,.
3,HBML-SFHDF,165.28839018920817,2,24,10,.
9,HBML-SFHDF,138.1377707585536,2,24,10,.
8,HBML-SFHDF,199.63898351499657,2,24,10,.
2,HBML-SFHDF,122.0,2,24,10,.
6,HBML-SFHDF,118.0,2,24,10,.
11,HBML-SFHDF,225.60913241982337,2,24,10,.
1,HBML-SFHDF,121.0,2,24,10,.
5,HBML-SFHDF,394.3794761866604,2,24,10,.
4,NODE,120.0,2,6,10,.
10,NODE,148.0,2,6,10,.
3,NODE,108.0,2,6,10,.
9,NODE,138.0,2,6,10,.
8,NODE,116.0,2,6,10,.
2,NODE,122.0,2,6,10,.
6,NODE,53.2340087890625,2,6,10,.
11,NODE,131.0,2,6,10,.
1,NODE,121.0,2,6,10,.
5,NODE,161.0,2,6,10,.
4,ARIMA,333.44180738201067,2,6,10,.
10,ARIMA,321.370409430776,2,6,10,.
3,ARIMA,936.135050885896,2,6,10,.
9,ARIMA,559.9653130399277,2,6,10,.
8,ARIMA,533.9576259251072,2,6,10,.
2,ARIMA,609.5932529397915,2,6,10,.
6,ARIMA,399.8107360169942,2,6,10,.
11,ARIMA,431.0,2,6,10,.
1,ARIMA,121.0,2,6,10,.
5,ARIMA,653.7179877543688,2,6,10,.
4,XGBoost,120.0,2,6,10,.
10,XGBoost,148.0,2,6,10,.
3,XGBoost,161.98894500732422,2,6,10,.
9,XGBoost,155.9100646972656,2,6,10,.
8,XGBoost,198.1125717163086,2,6,10,.
2,XGBoost,154.8775177001953,2,6,10,.
6,XGBoost,117.49687957763672,2,6,10,.
11,XGBoost,131.0,2,6,10,.
1,XGBoost,121.0,2,6,10,.
5,XGBoost,182.3306579589844,2,6,10,.
4,NHITS,120.0,2,6,10,.
10,NHITS,148.0,2,6,10,.
3,NHITS,165.43565368652344,2,6,10,.
9,NHITS,146.12722778320312,2,6,10,.
8,NHITS,140.91896057128906,2,6,10,.
2,NHITS,125.58880615234376,2,6,10,.
6,NHITS,74.2162170410156,2,6,10,.
11,NHITS,131.0,2,6,10,.
1,NHITS,121.0,2,6,10,.
5,NHITS,182.8597412109375,2,6,10,.
4,ETS,220.50672652429432,2,6,10,.
10,ETS,223.846234156912,2,6,10,.
3,ETS,397.31666408440026,2,6,10,.
9,ETS,241.7545946763086,2,6,10,.
8,ETS,341.3232293440626,2,6,10,.
2,ETS,319.0981197936467,2,6,10,.
6,ETS,220.2250352752103,2,6,10,.
11,ETS,308.285352573693,2,6,10,.
1,ETS,129.0776154259261,2,6,10,.
5,ETS,317.9185159954292,2,6,10,.
4,HBML (c),333.44180738201067,2,6,10,.
10,HBML (c),274.48764660888287,2,6,10,.
3,HBML (c),663.037399085347,2,6,10,.
9,HBML (c),298.37224564792814,2,6,10,.
8,HBML (c),367.0806688870048,2,6,10,.
2,HBML (c),383.7655783913688,2,6,10,.
6,HBML (c),399.8107360169942,2,6,10,.
11,HBML (c),348.0,2,6,10,.
1,HBML (c),121.0,2,6,10,.
5,HBML (c),473.0,2,6,10,.
4,HBML (d),273.0,2,6,10,.
10,HBML (d),240.81459251382512,2,6,10,.
3,HBML (d),737.5318717585784,2,6,10,.
9,HBML (d),397.5020365965147,2,6,10,.
8,HBML (d),533.9576259251072,2,6,10,.
2,HBML (d),327.0,2,6,10,.
6,HBML (d),399.8107360169942,2,6,10,.
11,HBML (d),348.0,2,6,10,.
1,HBML (d),121.0,2,6,10,.
5,HBML (d),653.7179877543688,2,6,10,.
4,HBML (fd),273.0,2,6,10,.
10,HBML (fd),274.48764660888287,2,6,10,.
3,HBML (fd),663.037399085347,2,6,10,.
9,HBML (fd),237.43105117353636,2,6,10,.
8,HBML (fd),463.997794329126,2,6,10,.
2,HBML (fd),383.7655783913688,2,6,10,.
6,HBML (fd),220.2250352752103,2,6,10,.
11,HBML (fd),288.0,2,6,10,.
1,HBML (fd),121.0,2,6,10,.
5,HBML (fd),653.7179877543688,2,6,10,.
4,HBML-SFH,151.39661166313763,2,6,10,.
10,HBML-SFH,148.0,2,6,10,.
3,HBML-SFH,180.83390880837817,2,6,10,.
9,HBML-SFH,138.0,2,6,10,.
8,HBML-SFH,266.07784658330183,2,6,10,.
2,HBML-SFH,157.26785164504966,2,6,10,.
6,HBML-SFH,112.09389980207764,2,6,10,.
11,HBML-SFH,234.3589414693743,2,6,10,.
1,HBML-SFH,121.0,2,6,10,.
5,HBML-SFH,282.80721165446,2,6,10,.
4,HBML-SFHDF,220.50649817495335,2,6,10,.
10,HBML-SFHDF,169.2172270524498,2,6,10,.
3,HBML-SFHDF,108.0,2,6,10,.
9,HBML-SFHDF,138.0,2,6,10,.
8,HBML-SFHDF,234.452172912664,2,6,10,.
2,HBML-SFHDF,150.69418767135147,2,6,10,.
6,HBML-SFHDF,117.84386196261414,2,6,10,.
11,HBML-SFHDF,223.93200184391733,2,6,10,.
1,HBML-SFHDF,125.46224110980285,2,6,10,.
5,HBML-SFHDF,348.1383538269222,2,6,10,.
4,NODE,37.10009765625,half,12,10,.
10,NODE,55.891357421875,half,12,10,.
3,NODE,71.88961791992188,half,12,10,.
9,NODE,41.895751953125,half,12,10,.
8,NODE,53.89140319824219,half,12,10,.
2,NODE,43.084510803222656,half,12,10,.
6,NODE,47.9010009765625,half,12,10,.
11,NODE,46.894622802734375,half,12,10,.
1,NODE,56.915489196777344,half,12,10,.
5,NODE,49.106536865234375,half,12,10,.
4,ARIMA,92.79561795462632,half,12,10,.
10,ARIMA,106.10574887163484,half,12,10,.
3,ARIMA,234.44969474052505,half,12,10,.
9,ARIMA,121.55020560494478,half,12,10,.
8,ARIMA,132.99093457964426,half,12,10,.
2,ARIMA,110.4315210685548,half,12,10,.
6,ARIMA,125.33774125548672,half,12,10,.
11,ARIMA,105.82928351564088,half,12,10,.
1,ARIMA,69.240714190869,half,12,10,.
5,ARIMA,156.93155109111262,half,12,10,.
4,XGBoost,82.87052917480467,half,12,10,.
10,XGBoost,105.0035552978516,half,12,10,.
3,XGBoost,170.98462677001953,half,12,10,.
9,XGBoost,97.00715637207033,half,12,10,.
8,XGBoost,137.9225006103516,half,12,10,.
2,XGBoost,95.6794891357422,half,12,10,.
6,XGBoost,88.5188446044922,half,12,10,.
11,XGBoost,99.81499481201172,half,12,10,.
1,XGBoost,81.02102279663086,half,12,10,.
5,XGBoost,141.00082397460938,half,12,10,.
4,NHITS,42.477142333984375,half,12,10,.
10,NHITS,70.02369689941406,half,12,10,.
3,NHITS,75.08836364746097,half,12,10,.
9,NHITS,64.80447387695312,half,12,10,.
8,NHITS,138.1226348876953,half,12,10,.
2,NHITS,57.43391418457031,half,12,10,.
6,NHITS,98.58319091796876,half,12,10,.
11,NHITS,57.363677978515625,half,12,10,.
1,NHITS,62.0228271484375,half,12,10,.
5,NHITS,96.56954956054688,half,12,10,.
4,ETS,93.0,half,12,10,.
10,ETS,108.99689971998096,half,12,10,.
3,ETS,225.57928912064477,half,12,10,.
9,ETS,117.37751624913837,half,12,10,.
8,ETS,164.75207817957806,half,12,10,.
2,ETS,111.00060001,half,12,10,.
6,ETS,104.5558995175279,half,12,10,.
11,ETS,105.16657469804925,half,12,10,.
1,ETS,80.999299939994,half,12,10,.
5,ETS,155.000000020001,half,12,10,.
4,HBML (c),92.0,half,12,10,.
10,HBML (c),99.22934002457254,half,12,10,.
3,HBML (c),233.44969474052505,half,12,10,.
9,HBML (c),103.37751624913837,half,12,10,.
8,HBML (c),113.39873504638672,half,12,10,.
2,HBML (c),100.00020003,half,12,10,.
6,HBML (c),112.33774125548672,half,12,10,.
11,HBML (c),88.83043670654295,half,12,10,.
1,HBML (c),75.999999959995,half,12,10,.
5,HBML (c),149.10142855562455,half,12,10,.
4,HBML (d),67.4625576781785,half,12,10,.
10,HBML (d),108.99689971998096,half,12,10,.
3,HBML (d),216.44969474052505,half,12,10,.
9,HBML (d),96.00715637207033,half,12,10,.
8,HBML (d),116.9225006103516,half,12,10,.
2,HBML (d),105.00020003,half,12,10,.
6,HBML (d),90.58813647287448,half,12,10,.
11,HBML (d),100.82928351564088,half,12,10,.
1,HBML (d),72.999999959995,half,12,10,.
5,HBML (d),156.93155109111262,half,12,10,.
4,HBML (fd),93.0,half,12,10,.
10,HBML (fd),93.10574887163484,half,12,10,.
3,HBML (fd),121.6475830078125,half,12,10,.
9,HBML (fd),109.52038871077109,half,12,10,.
8,HBML (fd),123.37271118164062,half,12,10,.
2,HBML (fd),89.1158016008605,half,12,10,.
6,HBML (fd),79.5188446044922,half,12,10,.
11,HBML (fd),94.63386645204945,half,12,10,.
1,HBML (fd),80.999299939994,half,12,10,.
5,HBML (fd),156.93155109111262,half,12,10,.
4,HBML-SFH,40.8395609329298,half,12,10,.
10,HBML-SFH,55.71114079646109,half,12,10,.
3,HBML-SFH,69.60237135256138,half,12,10,.
9,HBML-SFH,41.895751953125,half,12,10,.
8,HBML-SFH,53.891403200314954,half,12,10,.
2,HBML-SFH,43.22518270522421,half,12,10,.
6,HBML-SFH,47.90104486956522,half,12,10,.
11,HBML-SFH,46.894622802708696,half,12,10,.
1,HBML-SFH,56.915274408656366,half,12,10,.
5,HBML-SFH,57.97525143707464,half,12,10,.
4,HBML-SFHDF,42.447387547242776,half,12,10,.
10,HBML-SFHDF,55.88906996896481,half,12,10,.
3,HBML-SFHDF,71.40087020152424,half,12,10,.
9,HBML-SFHDF,41.895751953125,half,12,10,.
8,HBML-SFHDF,53.89140319824219,half,12,10,.
2,HBML-SFHDF,43.08451084947038,half,12,10,.
6,HBML-SFHDF,47.9010009765625,half,12,10,.
11,HBML-SFHDF,46.894622802734375,half,12,10,.
1,HBML-SFHDF,56.915489196777344,half,12,10,.
5,HBML-SFHDF,49.20122157774902,half,12,10,.
4,NODE,37.136444091796875,half,full,10,.
10,NODE,55.83656311035159,half,full,10,.
3,NODE,71.8192138671875,half,full,10,.
9,NODE,41.854278564453125,half,full,10,.
8,NODE,53.83689880371091,half,full,10,.
2,NODE,43.1135711669922,half,full,10,.
6,NODE,47.86564636230469,half,full,10,.
11,NODE,46.851043701171875,half,full,10,.
1,NODE,56.8864288330078,half,full,10,.
5,NODE,49.152923583984375,half,full,10,.
4,ARIMA,90.40657185645064,half,full,10,.
10,ARIMA,136.7847235007385,half,full,10,.
3,ARIMA,235.71785397218017,half,full,10,.
9,ARIMA,109.70703151984476,half,full,10,.
8,ARIMA,110.06279330233988,half,full,10,.
2,ARIMA,110.54720430497348,half,full,10,.
6,ARIMA,125.00445062973957,half,full,10,.
11,ARIMA,103.0,half,full,10,.
1,ARIMA,62.15567350280486,half,full,10,.
5,ARIMA,166.56991817858886,half,full,10,.
4,XGBoost,82.9984130859375,half,full,10,.
10,XGBoost,103.0386199951172,half,full,10,.
3,XGBoost,152.997802734375,half,full,10,.
9,XGBoost,97.00975036621094,half,full,10,.
8,XGBoost,137.9125061035156,half,full,10,.
2,XGBoost,97.6514892578125,half,full,10,.
6,XGBoost,88.52733612060548,half,full,10,.
11,XGBoost,106.98639678955078,half,full,10,.
1,XGBoost,81.22414779663086,half,full,10,.
5,XGBoost,145.9612045288086,half,full,10,.
4,NHITS,42.21110534667969,half,full,10,.
10,NHITS,69.8507080078125,half,full,10,.
3,NHITS,78.17146301269531,half,full,10,.
9,NHITS,67.69188690185548,half,full,10,.
8,NHITS,141.355712890625,half,full,10,.
2,NHITS,57.54689025878906,half,full,10,.
6,NHITS,101.58355712890624,half,full,10,.
11,NHITS,57.3909912109375,half,full,10,.
1,NHITS,62.58740997314453,half,full,10,.
5,NHITS,98.76072692871094,half,full,10,.
4,ETS,93.0,half,full,10,.
10,ETS,119.89238298167004,half,full,10,.
3,ETS,225.5792509308735,half,full,10,.
9,ETS,117.7770351320286,half,full,10,.
8,ETS,164.8869808166977,half,full,10,.
2,ETS,111.00060001,half,full,10,.
6,ETS,104.55599895659736,half,full,10,.
11,ETS,142.309686227096,half,full,10,.
1,ETS,80.999299939994,half,full,10,.
5,ETS,155.000000020001,half,full,10,.
4,HBML (c),90.40657185645064,half,full,10,.
10,HBML (c),121.7847235007385,half,full,10,.
3,HBML (c),229.71785397218017,half,full,10,.
9,HBML (c),117.7770351320286,half,full,10,.
8,HBML (c),137.9125061035156,half,full,10,.
2,HBML (c),110.54720430497348,half,full,10,.
6,HBML (c),99.68663663435058,half,full,10,.
11,HBML (c),142.309686227096,half,full,10,.
1,HBML (c),68.02377059343522,half,full,10,.
5,HBML (c),155.000000020001,half,full,10,.
4,HBML (d),80.0,half,full,10,.
10,HBML (d),136.7847235007385,half,full,10,.
3,HBML (d),217.71785397218017,half,full,10,.
9,HBML (d),99.70703151984476,half,full,10,.
8,HBML (d),134.9125061035156,half,full,10,.
2,HBML (d),103.63052700936213,half,full,10,.
6,HBML (d),79.52733612060548,half,full,10,.
11,HBML (d),98.0000915527344,half,full,10,.
1,HBML (d),78.999299939994,half,full,10,.
5,HBML (d),114.9612045288086,half,full,10,.
4,HBML (fd),80.05595911505631,half,full,10,.
10,HBML (fd),136.7847235007385,half,full,10,.
3,HBML (fd),225.5792509308735,half,full,10,.
9,HBML (fd),99.70703151984476,half,full,10,.
8,HBML (fd),138.1969757080078,half,full,10,.
2,HBML (fd),105.00020003,half,full,10,.
6,HBML (fd),125.00445062973957,half,full,10,.
11,HBML (fd),142.309686227096,half,full,10,.
1,HBML (fd),68.02377059343522,half,full,10,.
5,HBML (fd),154.56991817858886,half,full,10,.
4,HBML-SFH,40.61705107923459,half,full,10,.
10,HBML-SFH,55.84242831390979,half,full,10,.
3,HBML-SFH,70.30921166341061,half,full,10,.
9,HBML-SFH,41.854278564453125,half,full,10,.
8,HBML-SFH,53.83689880940508,half,full,10,.
2,HBML-SFH,43.14960679506043,half,full,10,.
6,HBML-SFH,47.865683901626376,half,full,10,.
11,HBML-SFH,46.85104177347768,half,full,10,.
1,HBML-SFH,56.88612296856072,half,full,10,.
5,HBML-SFH,58.772026569585584,half,full,10,.
4,HBML-SFHDF,42.174255931585925,half,full,10,.
10,HBML-SFHDF,55.83037774017206,half,full,10,.
3,HBML-SFHDF,71.5162282575744,half,full,10,.
9,HBML-SFHDF,41.854278564453125,half,full,10,.
8,HBML-SFHDF,53.83689880371091,half,full,10,.
2,HBML-SFHDF,43.11357116710293,half,full,10,.
6,HBML-SFHDF,47.86564636230469,half,full,10,.
11,HBML-SFHDF,46.851043701171875,half,full,10,.
1,HBML-SFHDF,56.886428833007784,half,full,10,.
5,HBML-SFHDF,49.295451351929984,half,full,10,.
4,NODE,37.09281921386719,half,24,10,.
10,NODE,55.72021484375,half,24,10,.
3,NODE,71.91461181640625,half,24,10,.
9,NODE,41.72100830078125,half,24,10,.
8,NODE,53.911636352539034,half,24,10,.
2,NODE,43.09868621826172,half,24,10,.
6,NODE,47.90675354003906,half,24,10,.
11,NODE,46.72087097167969,half,24,10,.
1,NODE,56.722023010253906,half,24,10,.
5,NODE,49.089874267578125,half,24,10,.
4,ARIMA,90.84159491037106,half,24,10,.
10,ARIMA,66.59132428558428,half,24,10,.
3,ARIMA,161.37538701226845,half,24,10,.
9,ARIMA,41.79306265400865,half,24,10,.
8,ARIMA,112.08178475083608,half,24,10,.
2,ARIMA,103.6181585621554,half,24,10,.
6,ARIMA,102.43607023592192,half,24,10,.
11,ARIMA,48.0447677237112,half,24,10,.
1,ARIMA,62.0126409169426,half,24,10,.
5,ARIMA,156.34855283465615,half,24,10,.
4,XGBoost,85.48562622070312,half,24,10,.
10,XGBoost,100.1074676513672,half,24,10,.
3,XGBoost,125.97614288330078,half,24,10,.
9,XGBoost,85.22933959960938,half,24,10,.
8,XGBoost,110.68760681152344,half,24,10,.
2,XGBoost,90.53533935546876,half,24,10,.
6,XGBoost,88.65399169921875,half,24,10,.
11,XGBoost,99.18302154541016,half,24,10,.
1,XGBoost,75.11798858642578,half,24,10,.
5,XGBoost,140.88995361328125,half,24,10,.
4,NHITS,42.4512939453125,half,24,10,.
10,NHITS,53.16676330566406,half,24,10,.
3,NHITS,75.8003845214844,half,24,10,.
9,NHITS,64.44664001464844,half,24,10,.
8,NHITS,133.8000717163086,half,24,10,.
2,NHITS,57.54435729980469,half,24,10,.
6,NHITS,87.65432739257812,half,24,10,.
11,NHITS,92.23837280273438,half,24,10,.
1,NHITS,57.33604049682617,half,24,10,.
5,NHITS,96.64949035644533,half,24,10,.
4,ETS,93.89804426841135,half,24,10,.
10,ETS,48.34951072842125,half,24,10,.
3,ETS,197.4391282997271,half,24,10,.
9,ETS,48.035287105151,half,24,10,.
8,ETS,163.03161118428824,half,24,10,.
2,ETS,106.7720810973538,half,24,10,.
6,ETS,100.19928883480954,half,24,10,.
11,ETS,48.66523617040835,half,24,10,.
1,ETS,53.00129999999599,half,24,10,.
5,ETS,153.75402838214097,half,24,10,.
4,HBML (c),89.84159491037106,half,24,10,.
10,HBML (c),82.54830932617188,half,24,10,.
3,HBML (c),196.4391282997271,half,24,10,.
9,HBML (c),69.89799499511719,half,24,10,.
8,HBML (c),115.2600555419922,half,24,10,.
2,HBML (c),103.6181585621554,half,24,10,.
6,HBML (c),88.65399169921875,half,24,10,.
11,HBML (c),88.7999267578125,half,24,10,.
1,HBML (c),61.998291015625,half,24,10,.
5,HBML (c),140.88995361328125,half,24,10,.
4,HBML (d),90.84159491037106,half,24,10,.
10,HBML (d),94.30641174316406,half,24,10,.
3,HBML (d),196.4391282997271,half,24,10,.
9,HBML (d),69.89799499511719,half,24,10,.
8,HBML (d),133.8000717163086,half,24,10,.
2,HBML (d),106.7720810973538,half,24,10,.
6,HBML (d),82.65399169921875,half,24,10,.
11,HBML (d),88.7999267578125,half,24,10,.
1,HBML (d),62.0126409169426,half,24,10,.
5,HBML (d),129.0249786376953,half,24,10,.
4,HBML (fd),87.89804426841135,half,24,10,.
10,HBML (fd),82.93414306640624,half,24,10,.
3,HBML (fd),124.51363923359388,half,24,10,.
9,HBML (fd),70.99972534179688,half,24,10,.
8,HBML (fd),115.2600555419922,half,24,10,.
2,HBML (fd),98.7053507013172,half,24,10,.
6,HBML (fd),73.37559509277344,half,24,10,.
11,HBML (fd),85.34602355957031,half,24,10,.
1,HBML (fd),53.1573371887207,half,24,10,.
5,HBML (fd),135.4121601669031,half,24,10,.
4,HBML-SFH,40.78907257366617,half,24,10,.
10,HBML-SFH,58.17708438320727,half,24,10,.
3,HBML-SFH,69.30840061070624,half,24,10,.
9,HBML-SFH,39.62866527884539,half,24,10,.
8,HBML-SFH,53.91163636155359,half,24,10,.
2,HBML-SFH,43.20763162440521,half,24,10,.
6,HBML-SFH,47.90675390942697,half,24,10,.
11,HBML-SFH,35.90941413649124,half,24,10,.
1,HBML-SFH,54.85127282567125,half,24,10,.
5,HBML-SFH,57.5752291116852,half,24,10,.
4,HBML-SFHDF,42.41923253294014,half,24,10,.
10,HBML-SFHDF,64.45739515518474,half,24,10,.
3,HBML-SFHDF,71.6330602056872,half,24,10,.
9,HBML-SFHDF,41.79306081073477,half,24,10,.
8,HBML-SFHDF,53.911636352539034,half,24,10,.
2,HBML-SFHDF,43.09868621998425,half,24,10,.
6,HBML-SFHDF,47.90675354003906,half,24,10,.
11,HBML-SFHDF,43.21021148647668,half,24,10,.
1,HBML-SFHDF,54.92085215200877,half,24,10,.
5,HBML-SFHDF,49.16961204747836,half,24,10,.
4,NODE,36.86305236816406,half,6,10,.
10,NODE,56.15396118164065,half,6,10,.
3,NODE,72.16207885742188,half,6,10,.
9,NODE,42.14265441894531,half,6,10,.
8,NODE,54.153778076171875,half,6,10,.
2,NODE,42.875450134277344,half,6,10,.
6,NODE,48.135711669921875,half,6,10,.
11,NODE,47.15043640136719,half,6,10,.
1,NODE,57.124549865722656,half,6,10,.
5,NODE,48.85270690917969,half,6,10,.
4,ARIMA,88.70297432531822,half,6,10,.
10,ARIMA,112.72407931610633,half,6,10,.
3,ARIMA,236.976140076158,half,6,10,.
9,ARIMA,117.95803190990412,half,6,10,.
8,ARIMA,153.54067101375608,half,6,10,.
2,ARIMA,138.63321027303988,half,6,10,.
6,ARIMA,122.95715884339984,half,6,10,.
11,ARIMA,138.0,half,6,10,.
1,ARIMA,73.60701045538671,half,6,10,.
5,ARIMA,167.7370332224499,half,6,10,.
4,XGBoost,90.99726104736328,half,6,10,.
10,XGBoost,97.8966827392578,half,6,10,.
3,XGBoost,162.50279998779297,half,6,10,.
9,XGBoost,99.01982879638672,half,6,10,.
8,XGBoost,137.9294891357422,half,6,10,.
2,XGBoost,127.94393920898438,half,6,10,.
6,XGBoost,88.55120849609376,half,6,10,.
11,XGBoost,98.499252319336,half,6,10,.
1,XGBoost,74.81349563598633,half,6,10,.
5,XGBoost,141.00209045410156,half,6,10,.
4,NHITS,42.245269775390625,half,6,10,.
10,NHITS,70.34556579589844,half,6,10,.
3,NHITS,77.29200744628909,half,6,10,.
9,NHITS,67.59390258789062,half,6,10,.
8,NHITS,144.58352661132812,half,6,10,.
2,NHITS,57.54383850097656,half,6,10,.
6,NHITS,100.74807739257812,half,6,10,.
11,NHITS,57.28092956542969,half,6,10,.
1,NHITS,63.24609375,half,6,10,.
5,NHITS,98.87799072265624,half,6,10,.
4,ETS,93.0,half,6,10,.
10,ETS,108.996899719981,half,6,10,.
3,ETS,225.57922195794913,half,6,10,.
9,ETS,124.3912635438192,half,6,10,.
8,ETS,166.07069066390943,half,6,10,.
2,ETS,111.00060001,half,6,10,.
6,ETS,104.55587546668806,half,6,10,.
11,ETS,142.30968743875445,half,6,10,.
1,ETS,80.999299939994,half,6,10,.
5,ETS,153.75409188052586,half,6,10,.
4,HBML (c),89.99726104736328,half,6,10,.
10,HBML (c),90.72407931610633,half,6,10,.
3,HBML (c),225.57922195794913,half,6,10,.
9,HBML (c),116.44778721813064,half,6,10,.
8,HBML (c),144.58352661132812,half,6,10,.
2,HBML (c),132.63321027303988,half,6,10,.
6,HBML (c),91.55587546668806,half,6,10,.
11,HBML (c),130.0,half,6,10,.
1,HBML (c),76.999999959995,half,6,10,.
5,HBML (c),154.2161989558109,half,6,10,.
4,HBML (d),83.70297432531822,half,6,10,.
10,HBML (d),111.72407931610633,half,6,10,.
3,HBML (d),141.79989305319404,half,6,10,.
9,HBML (d),116.44778721813064,half,6,10,.
8,HBML (d),128.98153686523438,half,6,10,.
2,HBML (d),138.63321027303988,half,6,10,.
6,HBML (d),122.95715884339984,half,6,10,.
11,HBML (d),142.30968743875445,half,6,10,.
1,HBML (d),65.999999959995,half,6,10,.
5,HBML (d),141.2161989558109,half,6,10,.
4,HBML (fd),88.70297432531822,half,6,10,.
10,HBML (fd),106.996899719981,half,6,10,.
3,HBML (fd),218.976140076158,half,6,10,.
9,HBML (fd),107.95803190990412,half,6,10,.
8,HBML (fd),131.51840209960938,half,6,10,.
2,HBML (fd),116.94393920898438,half,6,10,.
6,HBML (fd),91.55587546668806,half,6,10,.
11,HBML (fd),130.0,half,6,10,.
1,HBML (fd),80.999299939994,half,6,10,.
5,HBML (fd),141.2161989558109,half,6,10,.
4,HBML-SFH,40.71948540631501,half,6,10,.
10,HBML-SFH,55.98583710713679,half,6,10,.
3,HBML-SFH,70.64190986463046,half,6,10,.
9,HBML-SFH,42.14265441894531,half,6,10,.
8,HBML-SFH,54.153778080699375,half,6,10,.
2,HBML-SFH,42.9621986274643,half,6,10,.
6,HBML-SFH,48.135718713242305,half,6,10,.
11,HBML-SFH,47.150430470770026,half,6,10,.
1,HBML-SFH,57.12455656822695,half,6,10,.
5,HBML-SFH,58.894354927869294,half,6,10,.
4,HBML-SFHDF,42.23285208587535,half,6,10,.
10,HBML-SFHDF,56.15179346049141,half,6,10,.
3,HBML-SFHDF,71.84501776884093,half,6,10,.
9,HBML-SFHDF,42.14265441894531,half,6,10,.
8,HBML-SFHDF,54.153778076171875,half,6,10,.
2,HBML-SFHDF,42.875450305957735,half,6,10,.
6,HBML-SFHDF,48.135711669921875,half,6,10,.
11,HBML-SFHDF,47.15043640136719,half,6,10,.
1,HBML-SFHDF,57.124549865722656,half,6,10,.
5,HBML-SFHDF,49.02199402117736,half,6,10,.
