id,model,rmse,horizon,context,eta,dataset
4,Autoformer,,5,12,10,.
8,Autoformer,,5,12,10,.
6,Autoformer,,5,12,10,.
1,Autoformer,,5,12,10,.
5,Autoformer,,5,12,10,.
6,Autoformer,,5,24,10,.
1,Autoformer,,5,24,10,.
5,Autoformer,,5,24,10,.
7,NODE,23.791535986405993,2,12,10,.
7,ARIMA,46.09606152029796,2,12,10,.
7,XGBoost,63.82905697267464,2,12,10,.
7,NHITS,58.06348341158899,2,12,10,.
7,ETS,33.69045502112326,2,12,10,.
7,HBML (c),44.09478487120565,2,12,10,.
7,HBML (d),39.8954331440913,2,12,10,.
7,HBML (fd),40.46070833365453,2,12,10,.
7,HBML-SFH,24.804168774824344,2,12,10,.
7,HBML-SFHDF,24.04025213536144,2,12,10,.
7,NODE,24.15551392452016,2,full,10,.
7,ARIMA,51.88774858687987,2,full,10,.
7,XGBoost,68.01056118371865,2,full,10,.
7,NHITS,16.91480594255171,2,full,10,.
7,Autoformer,,2,full,10,.
3,Autoformer,,2,full,10,.
6,Autoformer,,2,full,10,.
1,Autoformer,,2,full,10,.
7,ETS,42.43509266247826,2,full,10,.
7,HBML (c),,2,full,10,.
7,HBML (d),,2,full,10,.
7,HBML (fd),,2,full,10,.
7,HBML-SFH,29.850944163133075,2,full,10,.
7,HBML-SFHDF,18.103061043836217,2,full,10,.
7,NODE,24.997116443649368,2,24,10,.
7,ARIMA,34.095841156877235,2,24,10,.
7,XGBoost,58.2527879230767,2,24,10,.
7,NHITS,16.066461792390253,2,24,10,.
7,Autoformer,,2,24,10,.
3,Autoformer,,2,24,10,.
9,Autoformer,,2,24,10,.
8,Autoformer,,2,24,10,.
2,Autoformer,,2,24,10,.
6,Autoformer,,2,24,10,.
1,Autoformer,,2,24,10,.
5,Autoformer,,2,24,10,.
7,ETS,31.85374033654047,2,24,10,.
7,HBML (c),,2,24,10,.
7,HBML (d),,2,24,10,.
7,HBML (fd),,2,24,10,.
7,HBML-SFH,16.600449785247786,2,24,10,.
7,HBML-SFHDF,16.14855523790009,2,24,10,.
7,NODE,21.47842384677983,2,6,10,.
7,ARIMA,64.64335223757415,2,6,10,.
7,XGBoost,55.509614410171835,2,6,10,.
7,NHITS,59.872967205050465,2,6,10,.
7,ETS,44.92824827074531,2,6,10,.
7,HBML (c),50.16327822272413,2,6,10,.
7,HBML (d),44.76161835082224,2,6,10,.
7,HBML (fd),47.67305246456992,2,6,10,.
7,HBML-SFH,22.478738445309354,2,6,10,.
7,HBML-SFHDF,21.55296739026827,2,6,10,.
7,Autoformer,,2,6,10,.
3,Autoformer,,2,6,10,.
9,Autoformer,,2,6,10,.
8,Autoformer,,2,6,10,.
2,Autoformer,,2,6,10,.
6,Autoformer,,2,6,10,.
1,Autoformer,,2,6,10,.
5,Autoformer,,2,6,10,.
7,NODE,13.042137794393843,half,12,10,.
7,ARIMA,30.46217541092394,half,12,10,.
7,XGBoost,31.414214976358267,half,12,10,.
7,NHITS,26.192387283607093,half,12,10,.
7,Autoformer,,half,12,10,.
3,Autoformer,,half,12,10,.
9,Autoformer,,half,12,10,.
6,Autoformer,,half,12,10,.
1,Autoformer,,half,12,10,.
7,ETS,29.305626670120343,half,12,10,.
7,HBML (c),,half,12,10,.
7,HBML (d),,half,12,10,.
7,HBML (fd),,half,12,10,.
7,HBML-SFH,27.414770214268575,half,12,10,.
7,HBML-SFHDF,16.338278616885386,half,12,10,.
7,NODE,13.066336438274003,half,full,10,.
7,ARIMA,30.176629104913367,half,full,10,.
7,XGBoost,31.98481457479765,half,full,10,.
7,NHITS,26.781201150378212,half,full,10,.
7,Autoformer,,half,full,10,.
3,Autoformer,,half,full,10,.
9,Autoformer,,half,full,10,.
6,Autoformer,,half,full,10,.
1,Autoformer,,half,full,10,.
7,ETS,28.738377775861725,half,full,10,.
7,HBML (c),,half,full,10,.
7,HBML (d),,half,full,10,.
7,HBML (fd),,half,full,10,.
7,HBML-SFH,23.313301940293652,half,full,10,.
7,HBML-SFHDF,13.8406449705228,half,full,10,.
7,NODE,13.231247371640348,half,24,10,.
7,ARIMA,28.519380986586103,half,24,10,.
7,XGBoost,25.305507960468223,half,24,10,.
7,NHITS,27.364976908779035,half,24,10,.
7,Autoformer,,half,24,10,.
3,Autoformer,,half,24,10,.
9,Autoformer,,half,24,10,.
6,Autoformer,,half,24,10,.
1,Autoformer,,half,24,10,.
7,ETS,28.66176398374973,half,24,10,.
7,HBML (c),,half,24,10,.
7,HBML (d),,half,24,10,.
7,HBML (fd),,half,24,10,.
7,HBML-SFH,1235.944139020115,half,24,10,.
7,HBML-SFHDF,139.78966606046575,half,24,10,.
7,NODE,13.0578068645495,half,6,10,.
7,ARIMA,32.28106945449835,half,6,10,.
7,XGBoost,33.914873636609144,half,6,10,.
7,NHITS,27.35073897619608,half,6,10,.
7,Autoformer,,half,6,10,.
3,Autoformer,,half,6,10,.
9,Autoformer,,half,6,10,.
6,Autoformer,,half,6,10,.
1,Autoformer,,half,6,10,.
7,ETS,30.78402738859757,half,6,10,.
7,HBML (c),,half,6,10,.
7,HBML (d),,half,6,10,.
7,HBML (fd),,half,6,10,.
7,HBML-SFH,28.519218265709323,half,6,10,.
7,HBML-SFHDF,16.809904269744813,half,6,10,.
4,NODE,35.66715725202617,5,12,10,.
10,NODE,36.90112972974778,5,12,10,.
3,NODE,35.78439339766892,5,12,10,.
9,NODE,37.23368923861935,5,12,10,.
8,NODE,36.41643126774445,5,12,10,.
2,NODE,36.39819923322902,5,12,10,.
6,NODE,35.108211898528964,5,12,10,.
11,NODE,36.431666482315904,5,12,10,.
1,NODE,36.05424944153779,5,12,10,.
5,NODE,38.415483084888464,5,12,10,.
4,ARIMA,23.966332437634943,5,12,10,.
10,ARIMA,22.292945173156873,5,12,10,.
3,ARIMA,115.42115913010409,5,12,10,.
9,ARIMA,43.79519677512366,5,12,10,.
8,ARIMA,58.565683626448525,5,12,10,.
2,ARIMA,50.61055813169624,5,12,10,.
6,ARIMA,44.892052891418345,5,12,10,.
11,ARIMA,39.23412469123714,5,12,10,.
1,ARIMA,18.424906912492578,5,12,10,.
5,ARIMA,93.00226417451148,5,12,10,.
4,XGBoost,26.77075662162002,5,12,10,.
10,XGBoost,30.538271348178647,5,12,10,.
3,XGBoost,38.137553844416566,5,12,10,.
9,XGBoost,37.45219262714656,5,12,10,.
8,XGBoost,33.96986361554332,5,12,10,.
2,XGBoost,33.28963823254136,5,12,10,.
6,XGBoost,25.248856209929013,5,12,10,.
11,XGBoost,29.76483922187149,5,12,10,.
1,XGBoost,22.196203189169537,5,12,10,.
5,XGBoost,46.98187596850057,5,12,10,.
4,NHITS,22.887479666794125,5,12,10,.
10,NHITS,25.43338527049798,5,12,10,.
3,NHITS,29.740601980649068,5,12,10,.
9,NHITS,35.20708081493237,5,12,10,.
8,NHITS,34.37831238303439,5,12,10,.
2,NHITS,27.205160217179465,5,12,10,.
6,NHITS,22.31671657740695,5,12,10,.
11,NHITS,25.841946633176537,5,12,10,.
1,NHITS,19.45687861171377,5,12,10,.
5,NHITS,45.76844915475723,5,12,10,.
4,ETS,21.209107178080806,5,12,10,.
10,ETS,26.75874983048753,5,12,10,.
3,ETS,75.75524858042999,5,12,10,.
9,ETS,48.98416887954005,5,12,10,.
8,ETS,52.637806751212,5,12,10,.
2,ETS,72.18328103341305,5,12,10,.
6,ETS,33.6800899798607,5,12,10,.
11,ETS,31.37200857211195,5,12,10,.
1,ETS,17.465852306180377,5,12,10,.
5,ETS,90.10404902859744,5,12,10,.
4,HBML (c),26.629342723240303,5,12,10,.
10,HBML (c),26.5685350624753,5,12,10,.
3,HBML (c),56.86726907949575,5,12,10,.
9,HBML (c),40.2842607200864,5,12,10,.
8,HBML (c),41.50849235545833,5,12,10,.
2,HBML (c),46.26310988308618,5,12,10,.
6,HBML (c),30.625472768848716,5,12,10,.
11,HBML (c),29.040680363424908,5,12,10,.
1,HBML (c),22.99907290002088,5,12,10,.
5,HBML (c),60.698896007822974,5,12,10,.
4,HBML (d),24.712921014631565,5,12,10,.
10,HBML (d),27.129387031050737,5,12,10,.
3,HBML (d),69.37068464191414,5,12,10,.
9,HBML (d),33.39591171754534,5,12,10,.
8,HBML (d),43.626071882150896,5,12,10,.
2,HBML (d),41.53976277107856,5,12,10,.
6,HBML (d),27.59192072312839,5,12,10,.
11,HBML (d),35.325833189081095,5,12,10,.
1,HBML (d),22.29639099357224,5,12,10,.
5,HBML (d),49.26187746339023,5,12,10,.
4,HBML (fd),23.48961224264656,5,12,10,.
10,HBML (fd),27.130976431501907,5,12,10,.
3,HBML (fd),49.34978170283358,5,12,10,.
9,HBML (fd),33.11789423725355,5,12,10,.
8,HBML (fd),40.28870241657433,5,12,10,.
2,HBML (fd),42.61431872325344,5,12,10,.
6,HBML (fd),27.98110070259741,5,12,10,.
11,HBML (fd),25.876972803211903,5,12,10,.
1,HBML (fd),21.91429717406886,5,12,10,.
5,HBML (fd),57.19754264938954,5,12,10,.
4,HBML-SFH,22.22058552341982,5,12,10,.
10,HBML-SFH,24.96249664433491,5,12,10,.
3,HBML-SFH,43.37341768815065,5,12,10,.
9,HBML-SFH,37.24360456874486,5,12,10,.
8,HBML-SFH,39.574874601506906,5,12,10,.
2,HBML-SFH,31.074030441944352,5,12,10,.
6,HBML-SFH,27.185416384614356,5,12,10,.
11,HBML-SFH,30.831217784004828,5,12,10,.
1,HBML-SFH,17.560624335854868,5,12,10,.
5,HBML-SFH,46.36737634707333,5,12,10,.
4,HBML-SFHDF,21.22949604818936,5,12,10,.
10,HBML-SFHDF,22.30491277220788,5,12,10,.
3,HBML-SFHDF,31.548868892257698,5,12,10,.
9,HBML-SFHDF,36.07325179229452,5,12,10,.
8,HBML-SFHDF,35.83877654180269,5,12,10,.
2,HBML-SFHDF,28.34306215030718,5,12,10,.
6,HBML-SFHDF,24.20977934078083,5,12,10,.
11,HBML-SFHDF,27.78221848932496,5,12,10,.
1,HBML-SFHDF,17.506760366651186,5,12,10,.
5,HBML-SFHDF,43.064052879587734,5,12,10,.
4,NODE,36.21623575150816,5,full,10,.
10,NODE,37.3738195553074,5,full,10,.
3,NODE,36.330691762944795,5,full,10,.
9,NODE,37.68572272377759,5,full,10,.
8,NODE,36.929837641451826,5,full,10,.
2,NODE,36.87318710371656,5,full,10,.
6,NODE,35.684187572802486,5,full,10,.
11,NODE,36.89704886379364,5,full,10,.
1,NODE,36.665899926256365,5,full,10,.
5,NODE,38.79358188674061,5,full,10,.
4,ARIMA,37.73733473934328,5,full,10,.
10,ARIMA,53.68634254572111,5,full,10,.
3,ARIMA,127.74048424110754,5,full,10,.
9,ARIMA,69.51206064837181,5,full,10,.
8,ARIMA,39.11869372164434,5,full,10,.
2,ARIMA,43.51489845375085,5,full,10,.
6,ARIMA,59.52578413551285,5,full,10,.
11,ARIMA,26.112751474201996,5,full,10,.
1,ARIMA,19.864678082211565,5,full,10,.
5,ARIMA,140.44422364733518,5,full,10,.
4,XGBoost,27.344248263549872,5,full,10,.
10,XGBoost,30.876858120926855,5,full,10,.
3,XGBoost,39.803721004357456,5,full,10,.
9,XGBoost,37.429273151639194,5,full,10,.
8,XGBoost,35.03046216229708,5,full,10,.
2,XGBoost,35.19309750887624,5,full,10,.
6,XGBoost,24.60023789226832,5,full,10,.
11,XGBoost,30.63766761970417,5,full,10,.
1,XGBoost,22.340560301275723,5,full,10,.
5,XGBoost,47.90540899302738,5,full,10,.
4,NHITS,16.390967126088967,5,full,10,.
10,NHITS,31.08979605157814,5,full,10,.
3,NHITS,49.03116010083347,5,full,10,.
9,NHITS,46.12280595383496,5,full,10,.
8,NHITS,77.2436324432811,5,full,10,.
2,NHITS,29.547393828590906,5,full,10,.
6,NHITS,95.10965728692987,5,full,10,.
11,NHITS,42.19428668229995,5,full,10,.
1,NHITS,29.214182663767065,5,full,10,.
5,NHITS,48.638821031416605,5,full,10,.
4,Autoformer,,5,full,10,.
10,Autoformer,,5,full,10,.
3,Autoformer,,5,full,10,.
9,Autoformer,,5,full,10,.
8,Autoformer,,5,full,10,.
2,Autoformer,,5,full,10,.
6,Autoformer,,5,full,10,.
11,Autoformer,,5,full,10,.
1,Autoformer,,5,full,10,.
5,Autoformer,,5,full,10,.
4,ETS,24.7489490625347,5,full,10,.
10,ETS,41.03648655294431,5,full,10,.
3,ETS,94.4336165781254,5,full,10,.
9,ETS,50.75981370067432,5,full,10,.
8,ETS,65.45361570281118,5,full,10,.
2,ETS,56.06905997824701,5,full,10,.
6,ETS,40.79941454467448,5,full,10,.
11,ETS,60.09652267198143,5,full,10,.
1,ETS,21.26427218378443,5,full,10,.
5,ETS,105.75643808142183,5,full,10,.
4,HBML (c),,5,full,10,.
10,HBML (c),,5,full,10,.
3,HBML (c),,5,full,10,.
9,HBML (c),,5,full,10,.
8,HBML (c),,5,full,10,.
2,HBML (c),,5,full,10,.
6,HBML (c),,5,full,10,.
11,HBML (c),,5,full,10,.
1,HBML (c),,5,full,10,.
5,HBML (c),,5,full,10,.
4,HBML (d),,5,full,10,.
10,HBML (d),,5,full,10,.
3,HBML (d),,5,full,10,.
9,HBML (d),,5,full,10,.
8,HBML (d),,5,full,10,.
2,HBML (d),,5,full,10,.
6,HBML (d),,5,full,10,.
11,HBML (d),,5,full,10,.
1,HBML (d),,5,full,10,.
5,HBML (d),,5,full,10,.
4,HBML (fd),,5,full,10,.
10,HBML (fd),,5,full,10,.
3,HBML (fd),,5,full,10,.
9,HBML (fd),,5,full,10,.
8,HBML (fd),,5,full,10,.
2,HBML (fd),,5,full,10,.
6,HBML (fd),,5,full,10,.
11,HBML (fd),,5,full,10,.
1,HBML (fd),,5,full,10,.
5,HBML (fd),,5,full,10,.
4,HBML-SFH,21.823097316941485,5,full,10,.
10,HBML-SFH,34.77992256751634,5,full,10,.
3,HBML-SFH,42.90418405981558,5,full,10,.
9,HBML-SFH,39.17980990974879,5,full,10,.
8,HBML-SFH,36.108939507661894,5,full,10,.
2,HBML-SFH,36.95545426196836,5,full,10,.
6,HBML-SFH,30.25313802879699,5,full,10,.
11,HBML-SFH,31.84509145164869,5,full,10,.
1,HBML-SFH,20.592183712386436,5,full,10,.
5,HBML-SFH,44.76309460691456,5,full,10,.
4,HBML-SFHDF,17.59140108823204,5,full,10,.
10,HBML-SFHDF,31.396778794011468,5,full,10,.
3,HBML-SFHDF,36.82296910029997,5,full,10,.
9,HBML-SFHDF,38.50732338784281,5,full,10,.
8,HBML-SFHDF,35.52203347948794,5,full,10,.
2,HBML-SFHDF,30.62072454186487,5,full,10,.
6,HBML-SFHDF,27.59560688045492,5,full,10,.
11,HBML-SFHDF,27.91681905119843,5,full,10,.
1,HBML-SFHDF,20.08584443260435,5,full,10,.
5,HBML-SFHDF,40.50316823577947,5,full,10,.
4,NODE,59.60225472628996,5,24,10,.
10,NODE,60.23271302325719,5,24,10,.
3,NODE,59.65548536157962,5,24,10,.
9,NODE,60.37800089548594,5,24,10,.
8,NODE,59.96094888144339,5,24,10,.
2,NODE,59.88917336184467,5,24,10,.
6,NODE,59.29850185423238,5,24,10,.
11,NODE,59.92391282006017,5,24,10,.
1,NODE,59.936079967402065,5,24,10,.
5,NODE,60.945289953782215,5,24,10,.
4,ARIMA,18.587935740939688,5,24,10,.
10,ARIMA,21.08362926833994,5,24,10,.
3,ARIMA,28.062224933926988,5,24,10,.
9,ARIMA,28.61684746476838,5,24,10,.
8,ARIMA,22.212353856120775,5,24,10,.
2,ARIMA,24.487866639488868,5,24,10,.
6,ARIMA,19.05446164488809,5,24,10,.
11,ARIMA,21.203646554008177,5,24,10,.
1,ARIMA,18.44256116458809,5,24,10,.
5,ARIMA,48.82075931566426,5,24,10,.
4,XGBoost,26.761305979267995,5,24,10,.
10,XGBoost,30.910043592838157,5,24,10,.
3,XGBoost,32.070219003439426,5,24,10,.
9,XGBoost,35.232986984602135,5,24,10,.
8,XGBoost,35.96845365265089,5,24,10,.
2,XGBoost,33.60849922057576,5,24,10,.
6,XGBoost,27.271673298165823,5,24,10,.
11,XGBoost,31.03294272471812,5,24,10,.
1,XGBoost,21.480081166843657,5,24,10,.
5,XGBoost,47.84081429555744,5,24,10,.
4,NHITS,21.61321222723191,5,24,10,.
10,NHITS,24.702194878309506,5,24,10,.
3,NHITS,26.78634091731075,5,24,10,.
9,NHITS,34.76374227708753,5,24,10,.
8,NHITS,32.26329353381119,5,24,10,.
2,NHITS,25.611404225542113,5,24,10,.
6,NHITS,24.30962500870109,5,24,10,.
11,NHITS,23.529703367451106,5,24,10,.
1,NHITS,19.840397898904847,5,24,10,.
5,NHITS,39.040015262021825,5,24,10,.
4,ETS,18.504175563362462,5,24,10,.
10,ETS,19.704425745588956,5,24,10,.
3,ETS,36.12169724124293,5,24,10,.
9,ETS,22.5540581671193,5,24,10,.
8,ETS,27.28285301659874,5,24,10,.
2,ETS,22.685398113232367,5,24,10,.
6,ETS,18.841950357006272,5,24,10,.
11,ETS,26.521017494669618,5,24,10,.
1,ETS,17.509991823520846,5,24,10,.
5,ETS,42.67293308085205,5,24,10,.
4,HBML (c),31.25877321003423,5,24,10,.
10,HBML (c),33.544265851187625,5,24,10,.
3,HBML (c),36.0781118822027,5,24,10,.
9,HBML (c),36.737251826779925,5,24,10,.
8,HBML (c),37.230449174946365,5,24,10,.
2,HBML (c),34.36844715752664,5,24,10,.
6,HBML (c),31.45934575208349,5,24,10,.
11,HBML (c),35.81964027102505,5,24,10,.
1,HBML (c),31.6317246824463,5,24,10,.
5,HBML (c),44.21667693234731,5,24,10,.
4,HBML (d),28.966678627843415,5,24,10,.
10,HBML (d),30.60675493114036,5,24,10,.
3,HBML (d),32.10478546904529,5,24,10,.
9,HBML (d),34.67183376393661,5,24,10,.
8,HBML (d),32.96413351312228,5,24,10,.
2,HBML (d),31.752837739195822,5,24,10,.
6,HBML (d),29.73779575651882,5,24,10,.
11,HBML (d),33.44179268450697,5,24,10,.
1,HBML (d),28.743592669769484,5,24,10,.
5,HBML (d),45.16951876281736,5,24,10,.
4,HBML (fd),29.694178098456476,5,24,10,.
10,HBML (fd),30.929631459711786,5,24,10,.
3,HBML (fd),33.38012947528922,5,24,10,.
9,HBML (fd),34.11958482855948,5,24,10,.
8,HBML (fd),33.424083535830874,5,24,10,.
2,HBML (fd),31.73272641141134,5,24,10,.
6,HBML (fd),28.6329780211187,5,24,10,.
11,HBML (fd),32.12239355480836,5,24,10,.
1,HBML (fd),28.56708887897408,5,24,10,.
5,HBML (fd),42.99618633577145,5,24,10,.
4,HBML-SFH,18.47039710385959,5,24,10,.
10,HBML-SFH,19.800358440023473,5,24,10,.
3,HBML-SFH,29.288343331597027,5,24,10,.
9,HBML-SFH,22.9361144990629,5,24,10,.
8,HBML-SFH,23.860998199075,5,24,10,.
2,HBML-SFH,23.213881703003345,5,24,10,.
6,HBML-SFH,19.209761048443266,5,24,10,.
11,HBML-SFH,22.90843787734925,5,24,10,.
1,HBML-SFH,17.652285619689387,5,24,10,.
5,HBML-SFH,44.970829393235334,5,24,10,.
4,HBML-SFHDF,18.556256238925233,5,24,10,.
10,HBML-SFHDF,19.748825652473307,5,24,10,.
3,HBML-SFHDF,28.61975372285313,5,24,10,.
9,HBML-SFHDF,22.656262981435553,5,24,10,.
8,HBML-SFHDF,23.292522117772055,5,24,10,.
2,HBML-SFHDF,22.77752530728918,5,24,10,.
6,HBML-SFHDF,19.646684400220742,5,24,10,.
11,HBML-SFHDF,21.298870181421144,5,24,10,.
1,HBML-SFHDF,17.585487558286424,5,24,10,.
5,HBML-SFHDF,41.55677140618592,5,24,10,.
4,NODE,26.117920714141004,5,6,10,.
10,NODE,27.78050591450084,5,6,10,.
3,NODE,26.28126764019948,5,6,10,.
9,NODE,28.24127031422651,5,6,10,.
8,NODE,27.144545831288845,5,6,10,.
2,NODE,27.1269772672711,5,6,10,.
6,NODE,25.342566500895096,5,6,10,.
11,NODE,27.166310126708343,5,6,10,.
1,NODE,26.635749148066196,5,6,10,.
5,NODE,29.802585174680665,5,6,10,.
4,ARIMA,67.34699585710358,5,6,10,.
10,ARIMA,72.77661541061619,5,6,10,.
3,ARIMA,186.1429788068257,5,6,10,.
9,ARIMA,101.8323886553238,5,6,10,.
8,ARIMA,104.64565474539994,5,6,10,.
2,ARIMA,103.65804860804424,5,6,10,.
6,ARIMA,71.01519400289952,5,6,10,.
11,ARIMA,93.33244541544188,5,6,10,.
1,ARIMA,21.40838389204161,5,6,10,.
5,ARIMA,156.70597936385025,5,6,10,.
4,XGBoost,22.042236060816897,5,6,10,.
10,XGBoost,25.517345401960597,5,6,10,.
3,XGBoost,26.745613755059324,5,6,10,.
9,XGBoost,26.53867108009847,5,6,10,.
8,XGBoost,25.347637287961817,5,6,10,.
2,XGBoost,26.271197472935967,5,6,10,.
6,XGBoost,18.053489586371416,5,6,10,.
11,XGBoost,24.125688787573292,5,6,10,.
1,XGBoost,19.819082895723025,5,6,10,.
5,XGBoost,31.152869670300543,5,6,10,.
4,NHITS,25.885904833870697,5,6,10,.
10,NHITS,25.534776047693324,5,6,10,.
3,NHITS,32.926703778826514,5,6,10,.
9,NHITS,37.9331803481217,5,6,10,.
8,NHITS,33.40353468123557,5,6,10,.
2,NHITS,28.287915372409955,5,6,10,.
6,NHITS,22.845730145894613,5,6,10,.
11,NHITS,24.819744818207475,5,6,10,.
1,NHITS,20.22031553000348,5,6,10,.
5,NHITS,46.12495460767136,5,6,10,.
4,ETS,50.241695992112774,5,6,10,.
10,ETS,46.30690606609624,5,6,10,.
3,ETS,99.99909193378876,5,6,10,.
9,ETS,67.07646105640072,5,6,10,.
8,ETS,77.66698940772413,5,6,10,.
2,ETS,87.40143555426567,5,6,10,.
6,ETS,52.61458654623685,5,6,10,.
11,ETS,67.3053890494546,5,6,10,.
1,ETS,21.702628900364985,5,6,10,.
5,ETS,116.5161621098963,5,6,10,.
4,HBML (c),47.11889912915487,5,6,10,.
10,HBML (c),44.94373345021265,5,6,10,.
3,HBML (c),91.9128396513198,5,6,10,.
9,HBML (c),54.02770751792432,5,6,10,.
8,HBML (c),61.68775595233435,5,6,10,.
2,HBML (c),56.077979057498,5,6,10,.
6,HBML (c),42.05622131657308,5,6,10,.
11,HBML (c),53.91426047122476,5,6,10,.
1,HBML (c),21.354304999764867,5,6,10,.
5,HBML (c),92.74142565607258,5,6,10,.
4,HBML (d),35.565762839230885,5,6,10,.
10,HBML (d),42.284074146318034,5,6,10,.
3,HBML (d),65.11289523422528,5,6,10,.
9,HBML (d),44.70074984045869,5,6,10,.
8,HBML (d),68.44966449466678,5,6,10,.
2,HBML (d),63.85152621254613,5,6,10,.
6,HBML (d),39.699119811115054,5,6,10,.
11,HBML (d),48.34334473911176,5,6,10,.
1,HBML (d),21.614910327216656,5,6,10,.
5,HBML (d),66.41605289588563,5,6,10,.
4,HBML (fd),36.0628349751608,5,6,10,.
10,HBML (fd),35.185530555320845,5,6,10,.
3,HBML (fd),61.96245516145398,5,6,10,.
9,HBML (fd),48.74122638544084,5,6,10,.
8,HBML (fd),55.258070123159825,5,6,10,.
2,HBML (fd),56.57371951088955,5,6,10,.
6,HBML (fd),38.81344791823452,5,6,10,.
11,HBML (fd),44.11553249678797,5,6,10,.
1,HBML (fd),21.496061969966828,5,6,10,.
5,HBML (fd),75.42988961304589,5,6,10,.
4,HBML-SFH,25.94556539013526,5,6,10,.
10,HBML-SFH,28.038891605925087,5,6,10,.
3,HBML-SFH,34.74539435815066,5,6,10,.
9,HBML-SFH,28.6501944366342,5,6,10,.
8,HBML-SFH,32.81127937309008,5,6,10,.
2,HBML-SFH,28.743331287812317,5,6,10,.
6,HBML-SFH,22.386346838499662,5,6,10,.
11,HBML-SFH,28.874468539752527,5,6,10,.
1,HBML-SFH,21.276602744754133,5,6,10,.
5,HBML-SFH,39.56773621203523,5,6,10,.
4,HBML-SFHDF,22.210871674128228,5,6,10,.
10,HBML-SFHDF,26.07770344462037,5,6,10,.
3,HBML-SFHDF,28.329353755577436,5,6,10,.
9,HBML-SFHDF,26.993992426836844,5,6,10,.
8,HBML-SFHDF,28.484112369134905,5,6,10,.
2,HBML-SFHDF,26.24973217439256,5,6,10,.
6,HBML-SFHDF,18.64897511966167,5,6,10,.
11,HBML-SFHDF,25.445196172288995,5,6,10,.
1,HBML-SFHDF,20.882990126003783,5,6,10,.
5,HBML-SFHDF,35.19148867918285,5,6,10,.
4,NODE,0.0,2,12,10,.
10,NODE,24.156871666898425,2,12,10,.
3,NODE,23.337718166415954,2,12,10,.
9,NODE,23.529611200560524,2,12,10,.
8,NODE,21.777784162486448,2,12,10,.
2,NODE,23.593049793895183,2,12,10,.
6,NODE,0.0,2,12,10,.
11,NODE,23.577491038132177,2,12,10,.
1,NODE,23.11286637944675,2,12,10,.
5,NODE,28.59439256897745,2,12,10,.
4,ARIMA,0.0,2,12,10,.
10,ARIMA,15.897144191316626,2,12,10,.
3,ARIMA,47.1161922449151,2,12,10,.
9,ARIMA,21.009979130761327,2,12,10,.
8,ARIMA,28.000193176906112,2,12,10,.
2,ARIMA,27.08280234641109,2,12,10,.
6,ARIMA,0.0,2,12,10,.
11,ARIMA,19.164911620915696,2,12,10,.
1,ARIMA,12.011352554689452,2,12,10,.
5,ARIMA,39.15766603148298,2,12,10,.
4,XGBoost,0.0,2,12,10,.
10,XGBoost,29.66034786642541,2,12,10,.
3,XGBoost,34.6303291734786,2,12,10,.
9,XGBoost,35.231394091968866,2,12,10,.
8,XGBoost,38.53182414985639,2,12,10,.
2,XGBoost,39.93038180200595,2,12,10,.
6,XGBoost,0.0,2,12,10,.
11,XGBoost,28.59529522510649,2,12,10,.
1,XGBoost,17.76521043210393,2,12,10,.
5,XGBoost,45.088491277437555,2,12,10,.
4,NHITS,0.0,2,12,10,.
10,NHITS,20.476340540249375,2,12,10,.
3,NHITS,30.616274042323894,2,12,10,.
9,NHITS,26.37046328422308,2,12,10,.
8,NHITS,35.3006793437691,2,12,10,.
2,NHITS,28.09640087956319,2,12,10,.
6,NHITS,0.0,2,12,10,.
11,NHITS,21.7700269869824,2,12,10,.
1,NHITS,14.227934434018149,2,12,10,.
5,NHITS,36.67480749178264,2,12,10,.
4,Autoformer,0.0,2,12,10,.
10,Autoformer,,2,12,10,.
3,Autoformer,,2,12,10,.
9,Autoformer,,2,12,10,.
8,Autoformer,,2,12,10,.
2,Autoformer,,2,12,10,.
6,Autoformer,0.0,2,12,10,.
11,Autoformer,,2,12,10,.
1,Autoformer,,2,12,10,.
5,Autoformer,,2,12,10,.
4,ETS,0.0,2,12,10,.
10,ETS,15.636046000785914,2,12,10,.
3,ETS,33.103635336300435,2,12,10,.
9,ETS,22.342556901147336,2,12,10,.
8,ETS,23.852004912265564,2,12,10,.
2,ETS,31.130287148892982,2,12,10,.
6,ETS,0.0,2,12,10,.
11,ETS,17.371307110983945,2,12,10,.
1,ETS,11.00239495652955,2,12,10,.
5,ETS,38.97217712164742,2,12,10,.
4,HBML (c),0.0,2,12,10,.
10,HBML (c),21.248900649806924,2,12,10,.
3,HBML (c),30.34207705342829,2,12,10,.
9,HBML (c),25.91185115385961,2,12,10,.
8,HBML (c),28.55487953334589,2,12,10,.
2,HBML (c),30.689162820638906,2,12,10,.
6,HBML (c),0.0,2,12,10,.
11,HBML (c),20.583806474641936,2,12,10,.
1,HBML (c),15.934090603115404,2,12,10,.
5,HBML (c),36.252262653708,2,12,10,.
4,HBML (d),0.0,2,12,10,.
10,HBML (d),19.556295888475276,2,12,10,.
3,HBML (d),30.691248317121115,2,12,10,.
9,HBML (d),22.981612509162908,2,12,10,.
8,HBML (d),27.094900394131823,2,12,10,.
2,HBML (d),27.208568214405428,2,12,10,.
6,HBML (d),0.0,2,12,10,.
11,HBML (d),19.86562546171744,2,12,10,.
1,HBML (d),14.979771073846404,2,12,10,.
5,HBML (d),33.49505221469267,2,12,10,.
4,HBML (fd),0.0,2,12,10,.
10,HBML (fd),19.77364332235636,2,12,10,.
3,HBML (fd),26.45330897040237,2,12,10,.
9,HBML (fd),22.940516237467804,2,12,10,.
8,HBML (fd),26.631450003105865,2,12,10,.
2,HBML (fd),25.19434763400234,2,12,10,.
6,HBML (fd),0.0,2,12,10,.
11,HBML (fd),19.91315577631723,2,12,10,.
1,HBML (fd),15.063766999120595,2,12,10,.
5,HBML (fd),33.64549424812582,2,12,10,.
4,HBML-SFH,0.0,2,12,10,.
10,HBML-SFH,15.93553560742287,2,12,10,.
3,HBML-SFH,29.078079212456934,2,12,10,.
9,HBML-SFH,21.906370655969997,2,12,10,.
8,HBML-SFH,23.655074382439963,2,12,10,.
2,HBML-SFH,24.740944807040194,2,12,10,.
6,HBML-SFH,0.0,2,12,10,.
11,HBML-SFH,18.98003730045109,2,12,10,.
1,HBML-SFH,11.07236120068994,2,12,10,.
5,HBML-SFH,30.73483961975178,2,12,10,.
4,HBML-SFHDF,0.0,2,12,10,.
10,HBML-SFHDF,15.676245139398995,2,12,10,.
3,HBML-SFHDF,24.222932314646904,2,12,10,.
9,HBML-SFHDF,21.431597611631663,2,12,10,.
8,HBML-SFHDF,22.860715288853505,2,12,10,.
2,HBML-SFHDF,24.174946064244622,2,12,10,.
6,HBML-SFHDF,0.0,2,12,10,.
11,HBML-SFHDF,17.76966241066661,2,12,10,.
1,HBML-SFHDF,11.024166795542056,2,12,10,.
5,HBML-SFHDF,29.68785632173481,2,12,10,.
4,NODE,18.255373184585675,2,full,10,.
10,NODE,19.681591465864564,2,full,10,.
3,NODE,18.631050869111075,2,full,10,.
9,NODE,18.915505662685923,2,full,10,.
8,NODE,19.135927823513363,2,full,10,.
2,NODE,18.982491438006782,2,full,10,.
6,NODE,17.646344628525117,2,full,10,.
11,NODE,18.97135442693687,2,full,10,.
1,NODE,18.32561821629395,2,full,10,.
5,NODE,20.39540813219564,2,full,10,.
4,ARIMA,23.062722461207404,2,full,10,.
10,ARIMA,29.02968856085226,2,full,10,.
3,ARIMA,54.1261914588565,2,full,10,.
9,ARIMA,33.96934286566465,2,full,10,.
8,ARIMA,28.110788341626787,2,full,10,.
2,ARIMA,28.695232334237215,2,full,10,.
6,ARIMA,27.1577114456696,2,full,10,.
11,ARIMA,20.211254543033004,2,full,10,.
1,ARIMA,14.527700918661992,2,full,10,.
5,ARIMA,60.21738997429427,2,full,10,.
4,XGBoost,26.89867146193392,2,full,10,.
10,XGBoost,31.16014822009678,2,full,10,.
3,XGBoost,36.14116759350792,2,full,10,.
9,XGBoost,36.66179678039692,2,full,10,.
8,XGBoost,40.71390842124902,2,full,10,.
2,XGBoost,40.604924534450966,2,full,10,.
6,XGBoost,26.928107552578673,2,full,10,.
11,XGBoost,29.723348497570253,2,full,10,.
1,XGBoost,18.334326837840376,2,full,10,.
5,XGBoost,47.19238397427479,2,full,10,.
4,NHITS,14.03087100615342,2,full,10,.
10,NHITS,19.113810362327268,2,full,10,.
3,NHITS,14.831375500759188,2,full,10,.
9,NHITS,71.79617483366246,2,full,10,.
8,NHITS,79.8225739275271,2,full,10,.
2,NHITS,30.765240007374143,2,full,10,.
6,NHITS,32.13883872264766,2,full,10,.
11,NHITS,15.959549236045126,2,full,10,.
1,NHITS,21.558002845937153,2,full,10,.
5,NHITS,97.3907417182148,2,full,10,.
4,ETS,19.780244461444777,2,full,10,.
10,ETS,26.739866286330063,2,full,10,.
3,ETS,45.87734279253597,2,full,10,.
9,ETS,27.49362300072639,2,full,10,.
8,ETS,34.23518822733492,2,full,10,.
2,ETS,31.42274000000523,2,full,10,.
6,ETS,20.11560137133235,2,full,10,.
11,ETS,31.97348472422858,2,full,10,.
1,ETS,16.425716140121125,2,full,10,.
5,ETS,48.243012185443185,2,full,10,.
4,HBML (c),19.515630156256577,2,full,10,.
10,HBML (c),24.140595099520414,2,full,10,.
3,HBML (c),32.32530953831859,2,full,10,.
9,HBML (c),40.55849154882608,2,full,10,.
8,HBML (c),41.46507798145694,2,full,10,.
2,HBML (c),29.140592129941663,2,full,10,.
6,HBML (c),23.02178174532935,2,full,10,.
11,HBML (c),21.409044199970296,2,full,10,.
1,HBML (c),17.578833087905213,2,full,10,.
5,HBML (c),58.27279410512135,2,full,10,.
4,HBML (d),17.30191364846433,2,full,10,.
10,HBML (d),20.83372373286284,2,full,10,.
3,HBML (d),30.87462223257487,2,full,10,.
9,HBML (d),33.02975153884468,2,full,10,.
8,HBML (d),37.16573933056515,2,full,10,.
2,HBML (d),25.244031549914368,2,full,10,.
6,HBML (d),18.33646167632342,2,full,10,.
11,HBML (d),19.06682206316412,2,full,10,.
1,HBML (d),16.57157619761207,2,full,10,.
5,HBML (d),45.05364387798913,2,full,10,.
4,HBML (fd),17.892394625606254,2,full,10,.
10,HBML (fd),22.46695170049407,2,full,10,.
3,HBML (fd),29.916038434531643,2,full,10,.
9,HBML (fd),34.13709140639047,2,full,10,.
8,HBML (fd),37.192113408198914,2,full,10,.
2,HBML (fd),24.09268808701964,2,full,10,.
6,HBML (fd),19.8170122293983,2,full,10,.
11,HBML (fd),19.01064094063724,2,full,10,.
1,HBML (fd),16.342742162206143,2,full,10,.
5,HBML (fd),47.22703401545497,2,full,10,.
4,HBML-SFH,14.128704861897695,2,full,10,.
10,HBML-SFH,19.30032282245453,2,full,10,.
3,HBML-SFH,17.31381610944478,2,full,10,.
9,HBML-SFH,19.27324642055155,2,full,10,.
8,HBML-SFH,19.36110094752084,2,full,10,.
2,HBML-SFH,19.206691003569677,2,full,10,.
6,HBML-SFH,18.767824777302145,2,full,10,.
11,HBML-SFH,17.497750591960397,2,full,10,.
1,HBML-SFH,14.616793131371884,2,full,10,.
5,HBML-SFH,21.15874288392353,2,full,10,.
4,HBML-SFHDF,14.041573000542948,2,full,10,.
10,HBML-SFHDF,19.1751610052526,2,full,10,.
3,HBML-SFHDF,14.904859687094064,2,full,10,.
9,HBML-SFHDF,19.029883686193234,2,full,10,.
8,HBML-SFHDF,19.301834030635497,2,full,10,.
2,HBML-SFHDF,19.141016864130467,2,full,10,.
6,HBML-SFHDF,18.2432976977871,2,full,10,.
11,HBML-SFHDF,16.068622656271817,2,full,10,.
1,HBML-SFHDF,14.609167006418405,2,full,10,.
5,HBML-SFHDF,20.80823596102411,2,full,10,.
4,NODE,22.93705955102308,2,24,10,.
10,NODE,24.05418080578426,2,24,10,.
3,NODE,23.241188856084825,2,24,10,.
9,NODE,23.419219063882487,2,24,10,.
8,NODE,23.622265206473426,2,24,10,.
2,NODE,23.48561906584394,2,24,10,.
6,NODE,22.47086909623388,2,24,10,.
11,NODE,23.470699256987896,2,24,10,.
1,NODE,23.030912789782324,2,24,10,.
5,NODE,24.595496874221755,2,24,10,.
4,ARIMA,13.556700221905116,2,24,10,.
10,ARIMA,15.146264298013632,2,24,10,.
3,ARIMA,22.51226694133344,2,24,10,.
9,ARIMA,14.44300258213815,2,24,10,.
8,ARIMA,19.11098034097859,2,24,10,.
2,ARIMA,20.102971374989757,2,24,10,.
6,ARIMA,11.273308774856654,2,24,10,.
11,ARIMA,15.659361885570643,2,24,10,.
1,ARIMA,12.42367891630797,2,24,10,.
5,ARIMA,23.650904193898,2,24,10,.
4,XGBoost,24.50585949626782,2,24,10,.
10,XGBoost,30.8110584666116,2,24,10,.
3,XGBoost,36.749405803415705,2,24,10,.
9,XGBoost,31.060762607404595,2,24,10,.
8,XGBoost,37.64163104643503,2,24,10,.
2,XGBoost,35.15679824469763,2,24,10,.
6,XGBoost,22.321883622507983,2,24,10,.
11,XGBoost,26.19494014000285,2,24,10,.
1,XGBoost,16.4812231802376,2,24,10,.
5,XGBoost,45.41191296939082,2,24,10,.
4,NHITS,16.524622641711463,2,24,10,.
10,NHITS,21.26912631310995,2,24,10,.
3,NHITS,27.133485294706187,2,24,10,.
9,NHITS,22.004008451720875,2,24,10,.
8,NHITS,28.57246808197893,2,24,10,.
2,NHITS,22.732775095586604,2,24,10,.
6,NHITS,14.49325215975824,2,24,10,.
11,NHITS,19.65648187606762,2,24,10,.
1,NHITS,14.366407162051464,2,24,10,.
5,NHITS,29.83753047127708,2,24,10,.
4,ETS,11.857316548267177,2,24,10,.
10,ETS,13.658860844797712,2,24,10,.
3,ETS,20.720584126360084,2,24,10,.
9,ETS,13.86425446238914,2,24,10,.
8,ETS,15.682550266963975,2,24,10,.
2,ETS,15.395375004907324,2,24,10,.
6,ETS,11.86442507937331,2,24,10,.
11,ETS,14.347922252162125,2,24,10,.
1,ETS,11.070587314176054,2,24,10,.
5,ETS,23.66242159669667,2,24,10,.
4,HBML (c),18.120133850699528,2,24,10,.
10,HBML (c),21.0517603869409,2,24,10,.
3,HBML (c),25.752932376813675,2,24,10,.
9,HBML (c),19.93421557454475,2,24,10,.
8,HBML (c),24.8261105449725,2,24,10,.
2,HBML (c),23.3860012767874,2,24,10,.
6,HBML (c),17.03224292515778,2,24,10,.
11,HBML (c),19.450804090323096,2,24,10,.
1,HBML (c),15.437038805710548,2,24,10,.
5,HBML (c),30.277348927479775,2,24,10,.
4,HBML (d),16.639778918512476,2,24,10,.
10,HBML (d),20.392137759417302,2,24,10,.
3,HBML (d),23.069072163952008,2,24,10,.
9,HBML (d),19.33100910187108,2,24,10,.
8,HBML (d),22.76420875385707,2,24,10,.
2,HBML (d),20.694861482082377,2,24,10,.
6,HBML (d),15.366076081872258,2,24,10,.
11,HBML (d),18.058202169041977,2,24,10,.
1,HBML (d),14.491003197174107,2,24,10,.
5,HBML (d),27.498083681224635,2,24,10,.
4,HBML (fd),16.23728915655883,2,24,10,.
10,HBML (fd),19.484919146089386,2,24,10,.
3,HBML (fd),22.46343057894387,2,24,10,.
9,HBML (fd),20.09710012224969,2,24,10,.
8,HBML (fd),22.87223501061641,2,24,10,.
2,HBML (fd),21.424130174855907,2,24,10,.
6,HBML (fd),15.714014829524798,2,24,10,.
11,HBML (fd),17.889930604490466,2,24,10,.
1,HBML (fd),14.749476259690674,2,24,10,.
5,HBML (fd),28.004751495223616,2,24,10,.
4,HBML-SFH,11.885826068045654,2,24,10,.
10,HBML-SFH,13.82745556850829,2,24,10,.
3,HBML-SFH,21.50239536180769,2,24,10,.
9,HBML-SFH,14.65824309641178,2,24,10,.
8,HBML-SFH,16.068613089197513,2,24,10,.
2,HBML-SFH,15.429403901204836,2,24,10,.
6,HBML-SFH,11.582452629516508,2,24,10,.
11,HBML-SFH,14.889233139443824,2,24,10,.
1,HBML-SFH,11.151865132908553,2,24,10,.
5,HBML-SFH,23.93203742457152,2,24,10,.
4,HBML-SFHDF,11.859118263566817,2,24,10,.
10,HBML-SFHDF,13.729566758958196,2,24,10,.
3,HBML-SFHDF,21.15284340396033,2,24,10,.
9,HBML-SFHDF,14.242883857411307,2,24,10,.
8,HBML-SFHDF,15.985516783049212,2,24,10,.
2,HBML-SFHDF,15.40274361269219,2,24,10,.
6,HBML-SFHDF,11.499140631536996,2,24,10,.
11,HBML-SFHDF,14.96158885149191,2,24,10,.
1,HBML-SFHDF,11.07710555766574,2,24,10,.
5,HBML-SFHDF,24.139345226280387,2,24,10,.
4,NODE,19.31372305016607,2,6,10,.
10,NODE,20.307865137496215,2,6,10,.
3,NODE,19.323484441121337,2,6,10,.
9,NODE,19.55950276422949,2,6,10,.
8,NODE,20.12085680022442,2,6,10,.
2,NODE,19.949572871411895,2,6,10,.
6,NODE,17.465644127941914,2,6,10,.
11,NODE,19.61416215676242,2,6,10,.
1,NODE,19.43016078921585,2,6,10,.
5,NODE,21.24113154026545,2,6,10,.
4,ARIMA,29.02499998384356,2,6,10,.
10,ARIMA,30.983352382950866,2,6,10,.
3,ARIMA,71.25616328932018,2,6,10,.
9,ARIMA,41.252275036872405,2,6,10,.
8,ARIMA,43.4690096063665,2,6,10,.
2,ARIMA,43.21092977112681,2,6,10,.
6,ARIMA,35.502620020546374,2,6,10,.
11,ARIMA,37.860927904761645,2,6,10,.
1,ARIMA,12.586089058210884,2,6,10,.
5,ARIMA,61.9374770868344,2,6,10,.
4,XGBoost,25.09032363753723,2,6,10,.
10,XGBoost,30.60233509077158,2,6,10,.
3,XGBoost,34.426769023852685,2,6,10,.
9,XGBoost,34.7448744139956,2,6,10,.
8,XGBoost,38.752822139243776,2,6,10,.
2,XGBoost,40.572166741788095,2,6,10,.
6,XGBoost,21.036751977914964,2,6,10,.
11,XGBoost,28.52114395468114,2,6,10,.
1,XGBoost,18.693478832673954,2,6,10,.
5,XGBoost,43.7075646060487,2,6,10,.
4,NHITS,21.458661874979295,2,6,10,.
10,NHITS,22.34045018382649,2,6,10,.
3,NHITS,32.388367418588416,2,6,10,.
9,NHITS,32.86133667047126,2,6,10,.
8,NHITS,35.49297023240898,2,6,10,.
2,NHITS,28.429353996079183,2,6,10,.
6,NHITS,14.31400159391364,2,6,10,.
11,NHITS,22.00339872309148,2,6,10,.
1,NHITS,15.230406898257586,2,6,10,.
5,NHITS,37.545190596918864,2,6,10,.
4,ETS,22.42840282434953,2,6,10,.
10,ETS,22.01950117741232,2,6,10,.
3,ETS,41.435151585052914,2,6,10,.
9,ETS,28.898051983167136,2,6,10,.
8,ETS,33.34411783030487,2,6,10,.
2,ETS,36.95481712602822,2,6,10,.
6,ETS,26.162295439183858,2,6,10,.
11,ETS,29.018901696893614,2,6,10,.
1,ETS,12.07962024900194,2,6,10,.
5,ETS,47.85740321484316,2,6,10,.
4,HBML (c),23.96977676008803,2,6,10,.
10,HBML (c),24.072794150076113,2,6,10,.
3,HBML (c),39.9408615744557,2,6,10,.
9,HBML (c),30.43007199354604,2,6,10,.
8,HBML (c),32.87602696408161,2,6,10,.
2,HBML (c),33.50217395236001,2,6,10,.
6,HBML (c),27.17119052970605,2,6,10,.
11,HBML (c),24.870808365819176,2,6,10,.
1,HBML (c),14.842011836688064,2,6,10,.
5,HBML (c),42.71876765707277,2,6,10,.
4,HBML (d),21.776157237473473,2,6,10,.
10,HBML (d),23.126006975987934,2,6,10,.
3,HBML (d),38.884465032729906,2,6,10,.
9,HBML (d),28.768421140626124,2,6,10,.
8,HBML (d),35.31595876451677,2,6,10,.
2,HBML (d),30.47435665718405,2,6,10,.
6,HBML (d),25.223239836311137,2,6,10,.
11,HBML (d),25.606981993170567,2,6,10,.
1,HBML (d),14.942352922940955,2,6,10,.
5,HBML (d),40.79266422321462,2,6,10,.
4,HBML (fd),21.865241323794024,2,6,10,.
10,HBML (fd),23.90862802046929,2,6,10,.
3,HBML (fd),35.35209648702391,2,6,10,.
9,HBML (fd),25.461003068318465,2,6,10,.
8,HBML (fd),31.528534311090834,2,6,10,.
2,HBML (fd),31.389364454053787,2,6,10,.
6,HBML (fd),18.61061336201545,2,6,10,.
11,HBML (fd),21.95569578434591,2,6,10,.
1,HBML (fd),14.49239286733294,2,6,10,.
5,HBML (fd),38.46280371607853,2,6,10,.
4,HBML-SFH,20.601244665707735,2,6,10,.
10,HBML-SFH,21.467603151599636,2,6,10,.
3,HBML-SFH,25.142527574725108,2,6,10,.
9,HBML-SFH,20.184896611562095,2,6,10,.
8,HBML-SFH,23.24430942952794,2,6,10,.
2,HBML-SFH,21.48218286861838,2,6,10,.
6,HBML-SFH,17.57268886898133,2,6,10,.
11,HBML-SFH,21.988188476053033,2,6,10,.
1,HBML-SFH,12.4517994774502,2,6,10,.
5,HBML-SFH,25.01447449038778,2,6,10,.
4,HBML-SFHDF,19.758439311707388,2,6,10,.
10,HBML-SFHDF,20.590455049773546,2,6,10,.
3,HBML-SFHDF,19.84235107172308,2,6,10,.
9,HBML-SFHDF,19.764495841646312,2,6,10,.
8,HBML-SFHDF,21.080933224781596,2,6,10,.
2,HBML-SFHDF,20.377641153383312,2,6,10,.
6,HBML-SFHDF,16.133759437209875,2,6,10,.
11,HBML-SFHDF,20.4819877426602,2,6,10,.
1,HBML-SFHDF,12.25486127250946,2,6,10,.
5,HBML-SFHDF,22.79652306625024,2,6,10,.
4,NODE,7.456733028079714,half,12,10,.
10,NODE,9.46928871912216,half,12,10,.
3,NODE,8.970313323142674,half,12,10,.
9,NODE,8.13103371890309,half,12,10,.
8,NODE,9.81745253679108,half,12,10,.
2,NODE,8.83534567828356,half,12,10,.
6,NODE,6.319082977494899,half,12,10,.
11,NODE,8.516613042350306,half,12,10,.
1,NODE,8.26585477408135,half,12,10,.
5,NODE,9.415296068012438,half,12,10,.
4,ARIMA,15.54570859933976,half,12,10,.
10,ARIMA,18.446837665905132,half,12,10,.
3,ARIMA,24.75102665656178,half,12,10,.
9,ARIMA,17.083856852100332,half,12,10,.
8,ARIMA,22.14680446998105,half,12,10,.
2,ARIMA,19.767775782533775,half,12,10,.
6,ARIMA,12.606932809001014,half,12,10,.
11,ARIMA,17.8549813536944,half,12,10,.
1,ARIMA,12.13625315950153,half,12,10,.
5,ARIMA,23.20706694388346,half,12,10,.
4,XGBoost,16.36065191813468,half,12,10,.
10,XGBoost,20.326443897508465,half,12,10,.
3,XGBoost,25.086923830849383,half,12,10,.
9,XGBoost,19.749899649381035,half,12,10,.
8,XGBoost,25.75758074507829,half,12,10,.
2,XGBoost,23.56851813013892,half,12,10,.
6,XGBoost,15.300881913129762,half,12,10,.
11,XGBoost,20.394246137702375,half,12,10,.
1,XGBoost,13.670668301987986,half,12,10,.
5,XGBoost,27.958696196595294,half,12,10,.
4,NHITS,6.446753225634392,half,12,10,.
10,NHITS,11.723339084010185,half,12,10,.
3,NHITS,17.89626176930723,half,12,10,.
9,NHITS,24.885435907231013,half,12,10,.
8,NHITS,57.05572822464005,half,12,10,.
2,NHITS,13.044740434816736,half,12,10,.
6,NHITS,32.90473141731629,half,12,10,.
11,NHITS,16.03923048673541,half,12,10,.
1,NHITS,28.516145356386676,half,12,10,.
5,NHITS,34.996183575668915,half,12,10,.
4,ETS,16.460760657196783,half,12,10,.
10,ETS,18.80220316121537,half,12,10,.
3,ETS,24.92386880043987,half,12,10,.
9,ETS,18.470373328092514,half,12,10,.
8,ETS,22.63960337323663,half,12,10,.
2,ETS,21.09302116641276,half,12,10,.
6,ETS,11.80811819315696,half,12,10,.
11,ETS,18.873032913522508,half,12,10,.
1,ETS,14.07508976042455,half,12,10,.
5,ETS,22.20311512638035,half,12,10,.
4,HBML (c),12.287143026332425,half,12,10,.
10,HBML (c),15.696548152345322,half,12,10,.
3,HBML (c),20.38782438373233,half,12,10,.
9,HBML (c),17.492748792154494,half,12,10,.
8,HBML (c),29.156952095664472,half,12,10,.
2,HBML (c),17.564340235008302,half,12,10,.
6,HBML (c),17.07040822895892,half,12,10,.
11,HBML (c),15.635838837346608,half,12,10,.
1,HBML (c),15.73714479819234,half,12,10,.
5,HBML (c),23.447164119945835,half,12,10,.
4,HBML (d),10.921946065039124,half,12,10,.
10,HBML (d),14.645929593942158,half,12,10,.
3,HBML (d),16.896860398638935,half,12,10,.
9,HBML (d),14.89073664217124,half,12,10,.
8,HBML (d),26.132297950610432,half,12,10,.
2,HBML (d),15.5310068949979,half,12,10,.
6,HBML (d),14.488845898351512,half,12,10,.
11,HBML (d),14.782524029331364,half,12,10,.
1,HBML (d),14.516485798909198,half,12,10,.
5,HBML (d),20.344663754204912,half,12,10,.
4,HBML (fd),11.222264603212832,half,12,10,.
10,HBML (fd),14.047977493563431,half,12,10,.
3,HBML (fd),17.06604169600555,half,12,10,.
9,HBML (fd),15.9147388360344,half,12,10,.
8,HBML (fd),26.750540690290737,half,12,10,.
2,HBML (fd),14.467097690701198,half,12,10,.
6,HBML (fd),15.01775218457458,half,12,10,.
11,HBML (fd),14.472367518263331,half,12,10,.
1,HBML (fd),14.742885313550124,half,12,10,.
5,HBML (fd),21.36895193851112,half,12,10,.
4,HBML-SFH,6.599135779648391,half,12,10,.
10,HBML-SFH,9.505927962137498,half,12,10,.
3,HBML-SFH,9.327813425469971,half,12,10,.
9,HBML-SFH,8.186467975342183,half,12,10,.
8,HBML-SFH,9.834404827905743,half,12,10,.
2,HBML-SFH,8.926978916546474,half,12,10,.
6,HBML-SFH,6.32199981726117,half,12,10,.
11,HBML-SFH,8.556618327805195,half,12,10,.
1,HBML-SFH,8.333793782964367,half,12,10,.
5,HBML-SFH,9.59198438653545,half,12,10,.
4,HBML-SFHDF,6.4780329678745465,half,12,10,.
10,HBML-SFHDF,9.469095275069511,half,12,10,.
3,HBML-SFHDF,8.961600109826364,half,12,10,.
9,HBML-SFHDF,8.132122605497207,half,12,10,.
8,HBML-SFHDF,9.81857805325392,half,12,10,.
2,HBML-SFHDF,8.838581131994143,half,12,10,.
6,HBML-SFHDF,6.31910381783081,half,12,10,.
11,HBML-SFHDF,8.517285446267836,half,12,10,.
1,HBML-SFHDF,8.286615556963916,half,12,10,.
5,HBML-SFHDF,9.423424443301188,half,12,10,.
4,NODE,7.439831594439692,half,full,10,.
10,NODE,9.45423278580842,half,full,10,.
3,NODE,8.955376353938396,half,full,10,.
9,NODE,8.11332201149456,half,full,10,.
8,NODE,9.80322445236712,half,full,10,.
2,NODE,8.819142521280043,half,full,10,.
6,NODE,6.299595041058173,half,full,10,.
11,NODE,8.499937993539277,half,full,10,.
1,NODE,8.25158442942259,half,full,10,.
5,NODE,9.397717544052936,half,full,10,.
4,ARIMA,15.55591687647045,half,full,10,.
10,ARIMA,19.560604036801735,half,full,10,.
3,ARIMA,23.638694980850858,half,full,10,.
9,ARIMA,17.395495635722913,half,full,10,.
8,ARIMA,21.61182202639958,half,full,10,.
2,ARIMA,19.953857021139253,half,full,10,.
6,ARIMA,12.518767363864876,half,full,10,.
11,ARIMA,17.097719023503824,half,full,10,.
1,ARIMA,12.211860505628906,half,full,10,.
5,ARIMA,24.184530125065663,half,full,10,.
4,XGBoost,16.864490666350438,half,full,10,.
10,XGBoost,21.581050535969094,half,full,10,.
3,XGBoost,25.929069234043183,half,full,10,.
9,XGBoost,20.460738369608872,half,full,10,.
8,XGBoost,26.66331528778958,half,full,10,.
2,XGBoost,23.50957564894565,half,full,10,.
6,XGBoost,15.567414195398646,half,full,10,.
11,XGBoost,21.601056431368228,half,full,10,.
1,XGBoost,14.18333601957949,half,full,10,.
5,XGBoost,28.222330394728026,half,full,10,.
4,NHITS,6.426355024799495,half,full,10,.
10,NHITS,11.891827516048416,half,full,10,.
3,NHITS,18.59152401146519,half,full,10,.
9,NHITS,27.082946764902733,half,full,10,.
8,NHITS,57.622830175707584,half,full,10,.
2,NHITS,13.126076287545065,half,full,10,.
6,NHITS,33.64718025367922,half,full,10,.
11,NHITS,16.52066533152791,half,full,10,.
1,NHITS,30.011172856904487,half,full,10,.
5,NHITS,35.78228571640607,half,full,10,.
4,ETS,16.132300696607604,half,full,10,.
10,ETS,19.43610179783917,half,full,10,.
3,ETS,25.070908904815795,half,full,10,.
9,ETS,18.079134066164187,half,full,10,.
8,ETS,22.68545562795785,half,full,10,.
2,ETS,20.627614050287043,half,full,10,.
6,ETS,11.652636755622469,half,full,10,.
11,ETS,19.869799958439184,half,full,10,.
1,ETS,14.232779553070678,half,full,10,.
5,ETS,22.9574764346539,half,full,10,.
4,HBML (c),12.588559564707476,half,full,10,.
10,HBML (c),17.10980406303736,half,full,10,.
3,HBML (c),20.78110852058984,half,full,10,.
9,HBML (c),18.567973206287075,half,full,10,.
8,HBML (c),30.09113770554423,half,full,10,.
2,HBML (c),16.905629741353497,half,full,10,.
6,HBML (c),17.51526597594767,half,full,10,.
11,HBML (c),16.27290541634624,half,full,10,.
1,HBML (c),15.842360026115486,half,full,10,.
5,HBML (c),23.862895131300657,half,full,10,.
4,HBML (d),11.337520463429865,half,full,10,.
10,HBML (d),15.143503481326183,half,full,10,.
3,HBML (d),17.78280742015939,half,full,10,.
9,HBML (d),16.748411303899783,half,full,10,.
8,HBML (d),26.97396300847444,half,full,10,.
2,HBML (d),14.26023749556629,half,full,10,.
6,HBML (d),14.703864770924955,half,full,10,.
11,HBML (d),14.188431927870102,half,full,10,.
1,HBML (d),15.242053911698184,half,full,10,.
5,HBML (d),19.81754589993666,half,full,10,.
4,HBML (fd),11.638340342559744,half,full,10,.
10,HBML (fd),14.475165227888512,half,full,10,.
3,HBML (fd),18.70872037335535,half,full,10,.
9,HBML (fd),16.36130029963779,half,full,10,.
8,HBML (fd),27.102295869089563,half,full,10,.
2,HBML (fd),15.06294718715078,half,full,10,.
6,HBML (fd),15.089455720184384,half,full,10,.
11,HBML (fd),15.192946070109068,half,full,10,.
1,HBML (fd),15.209856509802211,half,full,10,.
5,HBML (fd),21.353346709245535,half,full,10,.
4,HBML-SFH,6.580099461324288,half,full,10,.
10,HBML-SFH,9.521586826418964,half,full,10,.
3,HBML-SFH,9.30937759201827,half,full,10,.
9,HBML-SFH,8.172021946844769,half,full,10,.
8,HBML-SFH,9.82362440429634,half,full,10,.
2,HBML-SFH,8.904634720052455,half,full,10,.
6,HBML-SFH,6.3037789212925235,half,full,10,.
11,HBML-SFH,8.637605393016118,half,full,10,.
1,HBML-SFH,8.33109293633584,half,full,10,.
5,HBML-SFH,9.575482264826778,half,full,10,.
4,HBML-SFHDF,6.456214537564505,half,full,10,.
10,HBML-SFHDF,9.453713000992185,half,full,10,.
3,HBML-SFHDF,8.950315574527849,half,full,10,.
9,HBML-SFHDF,8.114360673041919,half,full,10,.
8,HBML-SFHDF,9.804631939187592,half,full,10,.
2,HBML-SFHDF,8.822138781845482,half,full,10,.
6,HBML-SFHDF,6.299629124938478,half,full,10,.
11,HBML-SFHDF,8.509200257886533,half,full,10,.
1,HBML-SFHDF,8.275066204108171,half,full,10,.
5,HBML-SFHDF,9.40701581467631,half,full,10,.
4,NODE,7.45323114178742,half,24,10,.
10,NODE,9.39576130305001,half,24,10,.
3,NODE,8.967290144797598,half,24,10,.
9,NODE,8.0458220535589,half,24,10,.
8,NODE,9.816885575971344,half,24,10,.
2,NODE,8.836430089164123,half,24,10,.
6,NODE,6.312688692476136,half,24,10,.
11,NODE,8.434969371315038,half,24,10,.
1,NODE,8.17646970357596,half,24,10,.
5,NODE,9.419410204516554,half,24,10,.
4,ARIMA,14.247953006655212,half,24,10,.
10,ARIMA,9.08116752506059,half,24,10,.
3,ARIMA,20.02896774023926,half,24,10,.
9,ARIMA,6.677292837552931,half,24,10,.
8,ARIMA,20.803368677997252,half,24,10,.
2,ARIMA,18.865237572912044,half,24,10,.
6,ARIMA,11.61709965110078,half,24,10,.
11,ARIMA,7.996871912235594,half,24,10,.
1,ARIMA,9.121762004887875,half,24,10,.
5,ARIMA,21.37233837672753,half,24,10,.
4,XGBoost,14.072256867263755,half,24,10,.
10,XGBoost,16.837061389445864,half,24,10,.
3,XGBoost,20.727072065443892,half,24,10,.
9,XGBoost,15.627309482270489,half,24,10,.
8,XGBoost,21.85446089615852,half,24,10,.
2,XGBoost,18.218477839376952,half,24,10,.
6,XGBoost,12.90264942606636,half,24,10,.
11,XGBoost,16.212100104764723,half,24,10,.
1,XGBoost,11.761019376245349,half,24,10,.
5,XGBoost,24.21081086389718,half,24,10,.
4,NHITS,6.4658331903661175,half,24,10,.
10,NHITS,10.51060807081246,half,24,10,.
3,NHITS,17.692085143664425,half,24,10,.
9,NHITS,9.45607252137346,half,24,10,.
8,NHITS,53.64401324863996,half,24,10,.
2,NHITS,13.046356275241806,half,24,10,.
6,NHITS,31.23663219844353,half,24,10,.
11,NHITS,9.588193044478803,half,24,10,.
1,NHITS,9.13765180744245,half,24,10,.
5,NHITS,35.04154687736908,half,24,10,.
4,ETS,16.152731043816992,half,24,10,.
10,ETS,8.836720889712948,half,24,10,.
3,ETS,23.486014019530273,half,24,10,.
9,ETS,7.227828155146018,half,24,10,.
8,ETS,22.220998370306653,half,24,10,.
2,ETS,19.793523442020735,half,24,10,.
6,ETS,11.521936465750748,half,24,10,.
11,ETS,7.506118514221465,half,24,10,.
1,ETS,7.742359990460773,half,24,10,.
5,ETS,21.550862288601937,half,24,10,.
4,HBML (c),11.846678183691976,half,24,10,.
10,HBML (c),10.906537775963445,half,24,10,.
3,HBML (c),18.113253553536783,half,24,10,.
9,HBML (c),8.961092909252073,half,24,10,.
8,HBML (c),27.40997641670858,half,24,10,.
2,HBML (c),15.77756218462375,half,24,10,.
6,HBML (c),15.665622120369,half,24,10,.
11,HBML (c),9.278658620521908,half,24,10,.
1,HBML (c),9.02765765456886,half,24,10,.
5,HBML (c),22.13527740334065,half,24,10,.
4,HBML (d),10.22978073663036,half,24,10,.
10,HBML (d),10.109438996350477,half,24,10,.
3,HBML (d),16.651057716505903,half,24,10,.
9,HBML (d),8.810671465153497,half,24,10,.
8,HBML (d),25.301884614129587,half,24,10,.
2,HBML (d),13.894513321410331,half,24,10,.
6,HBML (d),14.006105760872249,half,24,10,.
11,HBML (d),9.641854411489843,half,24,10,.
1,HBML (d),8.864019321126511,half,24,10,.
5,HBML (d),20.382104354217557,half,24,10,.
4,HBML (fd),10.668354973770573,half,24,10,.
10,HBML (fd),10.320545333559838,half,24,10,.
3,HBML (fd),15.30170070258477,half,24,10,.
9,HBML (fd),9.118523760336656,half,24,10,.
8,HBML (fd),24.848649720975033,half,24,10,.
2,HBML (fd),14.144328837579126,half,24,10,.
6,HBML (fd),13.542697398359032,half,24,10,.
11,HBML (fd),9.308667794699726,half,24,10,.
1,HBML (fd),8.423196541539024,half,24,10,.
5,HBML (fd),20.02340715916215,half,24,10,.
4,HBML-SFH,6.620984591585957,half,24,10,.
10,HBML-SFH,9.01747781547635,half,24,10,.
3,HBML-SFH,9.235708319143766,half,24,10,.
9,HBML-SFH,6.978135307064439,half,24,10,.
8,HBML-SFH,9.835080356817162,half,24,10,.
2,HBML-SFH,8.923551712123023,half,24,10,.
6,HBML-SFH,6.315714109071324,half,24,10,.
11,HBML-SFH,7.781234540179215,half,24,10,.
1,HBML-SFH,7.868766322326792,half,24,10,.
5,HBML-SFH,9.601939556879628,half,24,10,.
4,HBML-SFHDF,6.483824041569311,half,24,10,.
10,HBML-SFHDF,8.931789389244857,half,24,10,.
3,HBML-SFHDF,8.963452366580384,half,24,10,.
9,HBML-SFHDF,6.868297661988141,half,24,10,.
8,HBML-SFHDF,9.817949169926523,half,24,10,.
2,HBML-SFHDF,8.840781873707773,half,24,10,.
6,HBML-SFHDF,6.312699473025035,half,24,10,.
11,HBML-SFHDF,7.596219041372823,half,24,10,.
1,HBML-SFHDF,7.780392445019391,half,24,10,.
5,HBML-SFHDF,9.427414895822428,half,24,10,.
4,NODE,7.573788236636934,half,6,10,.
10,NODE,9.56720936860241,half,6,10,.
3,NODE,9.068836765117917,half,6,10,.
9,NODE,8.24465222672492,half,6,10,.
8,NODE,9.909609664976673,half,6,10,.
2,NODE,8.940252483243203,half,6,10,.
6,NODE,6.454855891194417,half,6,10,.
11,NODE,8.625224989970901,half,6,10,.
1,NODE,8.368237727821603,half,6,10,.
5,NODE,9.51788159371594,half,6,10,.
4,ARIMA,16.27472445835566,half,6,10,.
10,ARIMA,20.35563575750839,half,6,10,.
3,ARIMA,26.68796028031943,half,6,10,.
9,ARIMA,19.09003776347723,half,6,10,.
8,ARIMA,24.75212818424094,half,6,10,.
2,ARIMA,22.32629858287682,half,6,10,.
6,ARIMA,11.988185349264707,half,6,10,.
11,ARIMA,19.734106011108693,half,6,10,.
1,ARIMA,13.129473779044844,half,6,10,.
5,ARIMA,24.56882877105892,half,6,10,.
4,XGBoost,19.74431182786361,half,6,10,.
10,XGBoost,22.61923476897547,half,6,10,.
3,XGBoost,27.49758809294845,half,6,10,.
9,XGBoost,22.163049041861623,half,6,10,.
8,XGBoost,28.97270423801945,half,6,10,.
2,XGBoost,27.16320029646242,half,6,10,.
6,XGBoost,17.04438274066155,half,6,10,.
11,XGBoost,22.43647953436205,half,6,10,.
1,XGBoost,14.3509996587124,half,6,10,.
5,XGBoost,29.681207891159183,half,6,10,.
4,NHITS,6.415729891350136,half,6,10,.
10,NHITS,11.822557079459028,half,6,10,.
3,NHITS,18.260994648991755,half,6,10,.
9,NHITS,27.231285015817004,half,6,10,.
8,NHITS,58.79845568899861,half,6,10,.
2,NHITS,13.174227475719889,half,6,10,.
6,NHITS,33.916813408509434,half,6,10,.
11,NHITS,15.953729581177251,half,6,10,.
1,NHITS,29.627546044180136,half,6,10,.
5,NHITS,35.81199240185075,half,6,10,.
4,ETS,16.965824058044316,half,6,10,.
10,ETS,19.575970190306535,half,6,10,.
3,ETS,25.81197505013849,half,6,10,.
9,ETS,18.59076272573197,half,6,10,.
8,ETS,22.94248436171456,half,6,10,.
2,ETS,20.86122726795685,half,6,10,.
6,ETS,11.998631550425394,half,6,10,.
11,ETS,20.12231962179159,half,6,10,.
1,ETS,14.119431904780434,half,6,10,.
5,ETS,23.455664746823924,half,6,10,.
4,HBML (c),13.40940918778191,half,6,10,.
10,HBML (c),16.330028069952366,half,6,10,.
3,HBML (c),21.327480559845093,half,6,10,.
9,HBML (c),19.165858918383325,half,6,10,.
8,HBML (c),30.573883452713684,half,6,10,.
2,HBML (c),19.1572443251453,half,6,10,.
6,HBML (c),17.620907422232182,half,6,10,.
11,HBML (c),16.93630272362009,half,6,10,.
1,HBML (c),16.46078577400428,half,6,10,.
5,HBML (c),24.077666158031928,half,6,10,.
4,HBML (d),11.911370877478053,half,6,10,.
10,HBML (d),15.363030163253592,half,6,10,.
3,HBML (d),16.247265260720066,half,6,10,.
9,HBML (d),16.33304248503612,half,6,10,.
8,HBML (d),27.004954810691675,half,6,10,.
2,HBML (d),16.10630230277967,half,6,10,.
6,HBML (d),15.13586312072919,half,6,10,.
11,HBML (d),14.714746633741814,half,6,10,.
1,HBML (d),14.963003199852205,half,6,10,.
5,HBML (d),20.101554472567233,half,6,10,.
4,HBML (fd),11.949782250594916,half,6,10,.
10,HBML (fd),15.458649220090756,half,6,10,.
3,HBML (fd),18.597488502193535,half,6,10,.
9,HBML (fd),16.829154324101673,half,6,10,.
8,HBML (fd),27.471908015706923,half,6,10,.
2,HBML (fd),16.52919165439624,half,6,10,.
6,HBML (fd),14.99875639447584,half,6,10,.
11,HBML (fd),15.189476793441408,half,6,10,.
1,HBML (fd),15.096669232345512,half,6,10,.
5,HBML (fd),21.305673259497137,half,6,10,.
4,HBML-SFH,6.567267558141329,half,6,10,.
10,HBML-SFH,9.604916187676858,half,6,10,.
3,HBML-SFH,9.39618810525558,half,6,10,.
9,HBML-SFH,8.336969527978397,half,6,10,.
8,HBML-SFH,9.91945293347439,half,6,10,.
2,HBML-SFH,9.038785485796897,half,6,10,.
6,HBML-SFH,6.459127159386618,half,6,10,.
11,HBML-SFH,8.726634221978543,half,6,10,.
1,HBML-SFH,8.453106931725811,half,6,10,.
5,HBML-SFH,9.703261060885692,half,6,10,.
4,HBML-SFHDF,6.446517613464698,half,6,10,.
10,HBML-SFHDF,9.567022789886492,half,6,10,.
3,HBML-SFHDF,9.061285493280057,half,6,10,.
9,HBML-SFHDF,8.25604467982985,half,6,10,.
8,HBML-SFHDF,9.909895125495964,half,6,10,.
2,HBML-SFHDF,8.944056762465689,half,6,10,.
6,HBML-SFHDF,6.454907182299303,half,6,10,.
11,HBML-SFHDF,8.62902457703965,half,6,10,.
1,HBML-SFHDF,8.392296359035834,half,6,10,.
5,HBML-SFHDF,9.528348346208602,half,6,10,.
